Variation,n,mu,on,om,inst,ONMI,Omega
001_default_lapin-off_-_g0.3,500,0.4,100,2,1,0.273836,0.112982
001_default_lapin-off_-_g0.3,500,0.4,100,2,2,0.299809,0.171183
001_default_lapin-off_-_g0.3,500,0.4,100,2,3,0.351352,0.249471
001_default_lapin-off_-_g0.3,500,0.4,100,2,4,0.313809,0.19149
001_default_lapin-off_-_g0.3,500,0.4,100,2,5,0.248238,0.148515
001_default_lapin-off_-_g0.3,500,0.4,100,2,6,0.314324,0.197614
001_default_lapin-off_-_g0.3,500,0.4,100,2,7,0.351558,0.239052
001_default_lapin-off_-_g0.3,500,0.4,100,2,8,0.300634,0.20422
001_default_lapin-off_-_g0.3,500,0.4,100,2,9,0.364909,0.288025
001_default_lapin-off_-_g0.3,500,0.4,100,2,10,0.317726,0.22821
002_default_lapin-off_-_g0.5,500,0.4,100,2,1,0.397391,0.387565
002_default_lapin-off_-_g0.5,500,0.4,100,2,2,0.470833,0.448775
002_default_lapin-off_-_g0.5,500,0.4,100,2,3,0.482738,0.502208
002_default_lapin-off_-_g0.5,500,0.4,100,2,4,0.462645,0.460489
002_default_lapin-off_-_g0.5,500,0.4,100,2,5,0.391887,0.405098
002_default_lapin-off_-_g0.5,500,0.4,100,2,6,0.44942,0.444114
002_default_lapin-off_-_g0.5,500,0.4,100,2,7,0.496691,0.554394
002_default_lapin-off_-_g0.5,500,0.4,100,2,8,0.452313,0.483899
002_default_lapin-off_-_g0.5,500,0.4,100,2,9,0.580956,0.598811
002_default_lapin-off_-_g0.5,500,0.4,100,2,10,0.457044,0.505717
003_default_lapin-off_-_g0.6,500,0.4,100,2,1,0.467179,0.529587
003_default_lapin-off_-_g0.6,500,0.4,100,2,2,0.53496,0.5392
003_default_lapin-off_-_g0.6,500,0.4,100,2,3,0.527814,0.595916
003_default_lapin-off_-_g0.6,500,0.4,100,2,4,0.52384,0.562548
003_default_lapin-off_-_g0.6,500,0.4,100,2,5,0.463755,0.515839
003_default_lapin-off_-_g0.6,500,0.4,100,2,6,0.495545,0.530846
003_default_lapin-off_-_g0.6,500,0.4,100,2,7,0.543681,0.632927
003_default_lapin-off_-_g0.6,500,0.4,100,2,8,0.522219,0.578069
003_default_lapin-off_-_g0.6,500,0.4,100,2,9,0.66064,0.676796
003_default_lapin-off_-_g0.6,500,0.4,100,2,10,0.497329,0.579596
004_default_lapin-off_-_g0.7,500,0.4,100,2,1,0.513007,0.590902
004_default_lapin-off_-_g0.7,500,0.4,100,2,2,0.591031,0.609468
004_default_lapin-off_-_g0.7,500,0.4,100,2,3,0.587278,0.661048
004_default_lapin-off_-_g0.7,500,0.4,100,2,4,0.586804,0.664523
004_default_lapin-off_-_g0.7,500,0.4,100,2,5,0.513701,0.584095
004_default_lapin-off_-_g0.7,500,0.4,100,2,6,0.545153,0.597114
004_default_lapin-off_-_g0.7,500,0.4,100,2,7,0.56992,0.665836
004_default_lapin-off_-_g0.7,500,0.4,100,2,8,0.587837,0.639678
004_default_lapin-off_-_g0.7,500,0.4,100,2,9,0.712785,0.718118
004_default_lapin-off_-_g0.7,500,0.4,100,2,10,0.533568,0.614182
005_default_lapin-off_-_g0.8,500,0.4,100,2,1,0.540891,0.612738
005_default_lapin-off_-_g0.8,500,0.4,100,2,2,0.62687,0.635694
005_default_lapin-off_-_g0.8,500,0.4,100,2,3,0.617078,0.677562
005_default_lapin-off_-_g0.8,500,0.4,100,2,4,0.620395,0.687772
005_default_lapin-off_-_g0.8,500,0.4,100,2,5,0.551708,0.612326
005_default_lapin-off_-_g0.8,500,0.4,100,2,6,0.594368,0.632093
005_default_lapin-off_-_g0.8,500,0.4,100,2,7,0.590644,0.671551
005_default_lapin-off_-_g0.8,500,0.4,100,2,8,0.626396,0.665315
005_default_lapin-off_-_g0.8,500,0.4,100,2,9,0.752391,0.731946
005_default_lapin-off_-_g0.8,500,0.4,100,2,10,0.546544,0.62068
006_default_lapin-off_-_g0.9,500,0.4,100,2,1,0.546254,0.588344
006_default_lapin-off_-_g0.9,500,0.4,100,2,2,0.660081,0.626549
006_default_lapin-off_-_g0.9,500,0.4,100,2,3,0.641716,0.664903
006_default_lapin-off_-_g0.9,500,0.4,100,2,4,0.655184,0.687915
006_default_lapin-off_-_g0.9,500,0.4,100,2,5,0.572578,0.604388
006_default_lapin-off_-_g0.9,500,0.4,100,2,6,0.593536,0.629156
006_default_lapin-off_-_g0.9,500,0.4,100,2,7,0.60396,0.643285
006_default_lapin-off_-_g0.9,500,0.4,100,2,8,0.612393,0.655796
006_default_lapin-off_-_g0.9,500,0.4,100,2,9,0.729221,0.730897
006_default_lapin-off_-_g0.9,500,0.4,100,2,10,0.591911,0.613698
007_default_lapin-on_lsym_g0.3,500,0.4,100,2,1,0.149203,0.047524
007_default_lapin-on_lsym_g0.3,500,0.4,100,2,2,0.295629,0.21076
007_default_lapin-on_lsym_g0.3,500,0.4,100,2,3,0.142242,0.049443
007_default_lapin-on_lsym_g0.3,500,0.4,100,2,4,0.149213,0.055371
007_default_lapin-on_lsym_g0.3,500,0.4,100,2,5,0.187003,0.066588
007_default_lapin-on_lsym_g0.3,500,0.4,100,2,6,0.348852,0.234546
007_default_lapin-on_lsym_g0.3,500,0.4,100,2,7,0.231113,0.167789
007_default_lapin-on_lsym_g0.3,500,0.4,100,2,8,0.180553,0.06371
007_default_lapin-on_lsym_g0.3,500,0.4,100,2,9,0.201835,0.061738
007_default_lapin-on_lsym_g0.3,500,0.4,100,2,10,0.180665,0.089329
008_default_lapin-on_lsym_g0.5,500,0.4,100,2,1,0.228768,0.244309
008_default_lapin-on_lsym_g0.5,500,0.4,100,2,2,0.472314,0.509893
008_default_lapin-on_lsym_g0.5,500,0.4,100,2,3,0.206334,0.228274
008_default_lapin-on_lsym_g0.5,500,0.4,100,2,4,0.205993,0.238419
008_default_lapin-on_lsym_g0.5,500,0.4,100,2,5,0.307034,0.304515
008_default_lapin-on_lsym_g0.5,500,0.4,100,2,6,0.485264,0.494334
008_default_lapin-on_lsym_g0.5,500,0.4,100,2,7,0.30412,0.400988
008_default_lapin-on_lsym_g0.5,500,0.4,100,2,8,0.298079,0.304758
008_default_lapin-on_lsym_g0.5,500,0.4,100,2,9,0.313203,0.303219
008_default_lapin-on_lsym_g0.5,500,0.4,100,2,10,0.271047,0.344834
009_default_lapin-on_lsym_g0.6,500,0.4,100,2,1,0.243791,0.321481
009_default_lapin-on_lsym_g0.6,500,0.4,100,2,2,0.521808,0.595671
009_default_lapin-on_lsym_g0.6,500,0.4,100,2,3,0.241667,0.303605
009_default_lapin-on_lsym_g0.6,500,0.4,100,2,4,0.223709,0.305513
009_default_lapin-on_lsym_g0.6,500,0.4,100,2,5,0.368058,0.423587
009_default_lapin-on_lsym_g0.6,500,0.4,100,2,6,0.550075,0.588745
009_default_lapin-on_lsym_g0.6,500,0.4,100,2,7,0.324898,0.437876
009_default_lapin-on_lsym_g0.6,500,0.4,100,2,8,0.347193,0.393857
009_default_lapin-on_lsym_g0.6,500,0.4,100,2,9,0.36027,0.417917
009_default_lapin-on_lsym_g0.6,500,0.4,100,2,10,0.317443,0.434585
010_default_lapin-on_lsym_g0.7,500,0.4,100,2,1,0.289432,0.390001
010_default_lapin-on_lsym_g0.7,500,0.4,100,2,2,0.576512,0.639986
010_default_lapin-on_lsym_g0.7,500,0.4,100,2,3,0.271834,0.365911
010_default_lapin-on_lsym_g0.7,500,0.4,100,2,4,0.240875,0.358556
010_default_lapin-on_lsym_g0.7,500,0.4,100,2,5,0.389851,0.496231
010_default_lapin-on_lsym_g0.7,500,0.4,100,2,6,0.585985,0.651077
010_default_lapin-on_lsym_g0.7,500,0.4,100,2,7,0.344007,0.455682
010_default_lapin-on_lsym_g0.7,500,0.4,100,2,8,0.395577,0.470738
010_default_lapin-on_lsym_g0.7,500,0.4,100,2,9,0.416825,0.519104
010_default_lapin-on_lsym_g0.7,500,0.4,100,2,10,0.347293,0.486772
011_default_lapin-on_lsym_g0.8,500,0.4,100,2,1,0.320245,0.406661
011_default_lapin-on_lsym_g0.8,500,0.4,100,2,2,0.617167,0.6582
011_default_lapin-on_lsym_g0.8,500,0.4,100,2,3,0.308403,0.387685
011_default_lapin-on_lsym_g0.8,500,0.4,100,2,4,0.260799,0.378667
011_default_lapin-on_lsym_g0.8,500,0.4,100,2,5,0.406846,0.527087
011_default_lapin-on_lsym_g0.8,500,0.4,100,2,6,0.591517,0.652822
011_default_lapin-on_lsym_g0.8,500,0.4,100,2,7,0.347266,0.416949
011_default_lapin-on_lsym_g0.8,500,0.4,100,2,8,0.427567,0.484324
011_default_lapin-on_lsym_g0.8,500,0.4,100,2,9,0.442717,0.543016
011_default_lapin-on_lsym_g0.8,500,0.4,100,2,10,0.362846,0.477289
012_default_lapin-on_lsym_g0.9,500,0.4,100,2,1,0.336731,0.367771
012_default_lapin-on_lsym_g0.9,500,0.4,100,2,2,0.642659,0.636359
012_default_lapin-on_lsym_g0.9,500,0.4,100,2,3,0.335851,0.359572
012_default_lapin-on_lsym_g0.9,500,0.4,100,2,4,0.282071,0.35714
012_default_lapin-on_lsym_g0.9,500,0.4,100,2,5,0.419048,0.488643
012_default_lapin-on_lsym_g0.9,500,0.4,100,2,6,0.598977,0.611741
012_default_lapin-on_lsym_g0.9,500,0.4,100,2,7,0.357741,0.377557
012_default_lapin-on_lsym_g0.9,500,0.4,100,2,8,0.456975,0.466025
012_default_lapin-on_lsym_g0.9,500,0.4,100,2,9,0.470241,0.522004
012_default_lapin-on_lsym_g0.9,500,0.4,100,2,10,0.376477,0.437302
001_default_lapin-off_-_g0.3,600,0.4,120,2,1,0.339905,0.283523
001_default_lapin-off_-_g0.3,600,0.4,120,2,2,0.284411,0.176399
001_default_lapin-off_-_g0.3,600,0.4,120,2,3,0.302866,0.199788
001_default_lapin-off_-_g0.3,600,0.4,120,2,4,0.302722,0.150435
001_default_lapin-off_-_g0.3,600,0.4,120,2,5,0.209473,0.09754
001_default_lapin-off_-_g0.3,600,0.4,120,2,6,0.248624,0.096193
001_default_lapin-off_-_g0.3,600,0.4,120,2,7,0.293123,0.105368
001_default_lapin-off_-_g0.3,600,0.4,120,2,8,0.342128,0.255467
001_default_lapin-off_-_g0.3,600,0.4,120,2,9,0.323525,0.219334
001_default_lapin-off_-_g0.3,600,0.4,120,2,10,0.423539,0.398902
002_default_lapin-off_-_g0.5,600,0.4,120,2,1,0.502563,0.578198
002_default_lapin-off_-_g0.5,600,0.4,120,2,2,0.429283,0.455542
002_default_lapin-off_-_g0.5,600,0.4,120,2,3,0.468846,0.497613
002_default_lapin-off_-_g0.5,600,0.4,120,2,4,0.483337,0.478231
002_default_lapin-off_-_g0.5,600,0.4,120,2,5,0.308741,0.317779
002_default_lapin-off_-_g0.5,600,0.4,120,2,6,0.375136,0.370928
002_default_lapin-off_-_g0.5,600,0.4,120,2,7,0.443821,0.38973
002_default_lapin-off_-_g0.5,600,0.4,120,2,8,0.512532,0.513821
002_default_lapin-off_-_g0.5,600,0.4,120,2,9,0.506847,0.535868
002_default_lapin-off_-_g0.5,600,0.4,120,2,10,0.643598,0.704015
003_default_lapin-off_-_g0.6,600,0.4,120,2,1,0.558666,0.642661
003_default_lapin-off_-_g0.6,600,0.4,120,2,2,0.516367,0.586376
003_default_lapin-off_-_g0.6,600,0.4,120,2,3,0.531915,0.586737
003_default_lapin-off_-_g0.6,600,0.4,120,2,4,0.565288,0.612594
003_default_lapin-off_-_g0.6,600,0.4,120,2,5,0.353396,0.39846
003_default_lapin-off_-_g0.6,600,0.4,120,2,6,0.428376,0.485624
003_default_lapin-off_-_g0.6,600,0.4,120,2,7,0.517675,0.517707
003_default_lapin-off_-_g0.6,600,0.4,120,2,8,0.578785,0.59343
003_default_lapin-off_-_g0.6,600,0.4,120,2,9,0.575916,0.62782
003_default_lapin-off_-_g0.6,600,0.4,120,2,10,0.701657,0.738284
004_default_lapin-off_-_g0.7,600,0.4,120,2,1,0.58391,0.647191
004_default_lapin-off_-_g0.7,600,0.4,120,2,2,0.564342,0.646111
004_default_lapin-off_-_g0.7,600,0.4,120,2,3,0.592257,0.636048
004_default_lapin-off_-_g0.7,600,0.4,120,2,4,0.613884,0.688753
004_default_lapin-off_-_g0.7,600,0.4,120,2,5,0.391568,0.46115
004_default_lapin-off_-_g0.7,600,0.4,120,2,6,0.490313,0.566509
004_default_lapin-off_-_g0.7,600,0.4,120,2,7,0.569542,0.599392
004_default_lapin-off_-_g0.7,600,0.4,120,2,8,0.592306,0.614119
004_default_lapin-off_-_g0.7,600,0.4,120,2,9,0.632158,0.676671
004_default_lapin-off_-_g0.7,600,0.4,120,2,10,0.731241,0.752342
005_default_lapin-off_-_g0.8,600,0.4,120,2,1,0.614132,0.66504
005_default_lapin-off_-_g0.8,600,0.4,120,2,2,0.591054,0.654729
005_default_lapin-off_-_g0.8,600,0.4,120,2,3,0.634617,0.661585
005_default_lapin-off_-_g0.8,600,0.4,120,2,4,0.638875,0.721282
005_default_lapin-off_-_g0.8,600,0.4,120,2,5,0.408335,0.475879
005_default_lapin-off_-_g0.8,600,0.4,120,2,6,0.536883,0.60423
005_default_lapin-off_-_g0.8,600,0.4,120,2,7,0.609568,0.657149
005_default_lapin-off_-_g0.8,600,0.4,120,2,8,0.6198,0.630628
005_default_lapin-off_-_g0.8,600,0.4,120,2,9,0.66381,0.709754
005_default_lapin-off_-_g0.8,600,0.4,120,2,10,0.743289,0.750773
006_default_lapin-off_-_g0.9,600,0.4,120,2,1,0.618053,0.639432
006_default_lapin-off_-_g0.9,600,0.4,120,2,2,0.620926,0.640128
006_default_lapin-off_-_g0.9,600,0.4,120,2,3,0.65367,0.655804
006_default_lapin-off_-_g0.9,600,0.4,120,2,4,0.661775,0.701965
006_default_lapin-off_-_g0.9,600,0.4,120,2,5,0.425324,0.477048
006_default_lapin-off_-_g0.9,600,0.4,120,2,6,0.56471,0.599752
006_default_lapin-off_-_g0.9,600,0.4,120,2,7,0.627685,0.662258
006_default_lapin-off_-_g0.9,600,0.4,120,2,8,0.646224,0.614233
006_default_lapin-off_-_g0.9,600,0.4,120,2,9,0.677859,0.712182
006_default_lapin-off_-_g0.9,600,0.4,120,2,10,0.731591,0.743528
007_default_lapin-on_lsym_g0.3,600,0.4,120,2,1,0.20143,0.096873
007_default_lapin-on_lsym_g0.3,600,0.4,120,2,2,0.170554,0.087107
007_default_lapin-on_lsym_g0.3,600,0.4,120,2,3,0.164071,0.082419
007_default_lapin-on_lsym_g0.3,600,0.4,120,2,4,0.155384,0.04654
007_default_lapin-on_lsym_g0.3,600,0.4,120,2,5,0.146653,0.048887
007_default_lapin-on_lsym_g0.3,600,0.4,120,2,6,0.16183,0.058397
007_default_lapin-on_lsym_g0.3,600,0.4,120,2,7,0.135331,0.049704
007_default_lapin-on_lsym_g0.3,600,0.4,120,2,8,0.178695,0.075735
007_default_lapin-on_lsym_g0.3,600,0.4,120,2,9,0.198453,0.092825
007_default_lapin-on_lsym_g0.3,600,0.4,120,2,10,0.184259,0.075854
008_default_lapin-on_lsym_g0.5,600,0.4,120,2,1,0.276087,0.295387
008_default_lapin-on_lsym_g0.5,600,0.4,120,2,2,0.243237,0.267186
008_default_lapin-on_lsym_g0.5,600,0.4,120,2,3,0.239513,0.266031
008_default_lapin-on_lsym_g0.5,600,0.4,120,2,4,0.217576,0.215972
008_default_lapin-on_lsym_g0.5,600,0.4,120,2,5,0.199091,0.210214
008_default_lapin-on_lsym_g0.5,600,0.4,120,2,6,0.216864,0.217641
008_default_lapin-on_lsym_g0.5,600,0.4,120,2,7,0.207745,0.212502
008_default_lapin-on_lsym_g0.5,600,0.4,120,2,8,0.274921,0.289643
008_default_lapin-on_lsym_g0.5,600,0.4,120,2,9,0.288434,0.319919
008_default_lapin-on_lsym_g0.5,600,0.4,120,2,10,0.26816,0.268425
009_default_lapin-on_lsym_g0.6,600,0.4,120,2,1,0.302381,0.367281
009_default_lapin-on_lsym_g0.6,600,0.4,120,2,2,0.284331,0.351525
009_default_lapin-on_lsym_g0.6,600,0.4,120,2,3,0.263604,0.332768
009_default_lapin-on_lsym_g0.6,600,0.4,120,2,4,0.242754,0.302861
009_default_lapin-on_lsym_g0.6,600,0.4,120,2,5,0.24198,0.301256
009_default_lapin-on_lsym_g0.6,600,0.4,120,2,6,0.253184,0.306423
009_default_lapin-on_lsym_g0.6,600,0.4,120,2,7,0.253652,0.308865
009_default_lapin-on_lsym_g0.6,600,0.4,120,2,8,0.306379,0.356261
009_default_lapin-on_lsym_g0.6,600,0.4,120,2,9,0.336945,0.418962
009_default_lapin-on_lsym_g0.6,600,0.4,120,2,10,0.312585,0.371345
010_default_lapin-on_lsym_g0.7,600,0.4,120,2,1,0.293614,0.40263
010_default_lapin-on_lsym_g0.7,600,0.4,120,2,2,0.311615,0.39012
010_default_lapin-on_lsym_g0.7,600,0.4,120,2,3,0.298515,0.367945
010_default_lapin-on_lsym_g0.7,600,0.4,120,2,4,0.272456,0.372952
010_default_lapin-on_lsym_g0.7,600,0.4,120,2,5,0.290811,0.369545
010_default_lapin-on_lsym_g0.7,600,0.4,120,2,6,0.271196,0.362387
010_default_lapin-on_lsym_g0.7,600,0.4,120,2,7,0.270133,0.362323
010_default_lapin-on_lsym_g0.7,600,0.4,120,2,8,0.330974,0.418025
010_default_lapin-on_lsym_g0.7,600,0.4,120,2,9,0.376835,0.469697
010_default_lapin-on_lsym_g0.7,600,0.4,120,2,10,0.343825,0.416144
011_default_lapin-on_lsym_g0.8,600,0.4,120,2,1,0.309867,0.426895
011_default_lapin-on_lsym_g0.8,600,0.4,120,2,2,0.347666,0.424036
011_default_lapin-on_lsym_g0.8,600,0.4,120,2,3,0.334576,0.366779
011_default_lapin-on_lsym_g0.8,600,0.4,120,2,4,0.288298,0.401135
011_default_lapin-on_lsym_g0.8,600,0.4,120,2,5,0.320042,0.400904
011_default_lapin-on_lsym_g0.8,600,0.4,120,2,6,0.28165,0.386921
011_default_lapin-on_lsym_g0.8,600,0.4,120,2,7,0.309377,0.407072
011_default_lapin-on_lsym_g0.8,600,0.4,120,2,8,0.353911,0.443839
011_default_lapin-on_lsym_g0.8,600,0.4,120,2,9,0.402844,0.488499
011_default_lapin-on_lsym_g0.8,600,0.4,120,2,10,0.373372,0.44368
012_default_lapin-on_lsym_g0.9,600,0.4,120,2,1,0.311132,0.402285
012_default_lapin-on_lsym_g0.9,600,0.4,120,2,2,0.367082,0.419155
012_default_lapin-on_lsym_g0.9,600,0.4,120,2,3,0.367128,0.346698
012_default_lapin-on_lsym_g0.9,600,0.4,120,2,4,0.294617,0.396979
012_default_lapin-on_lsym_g0.9,600,0.4,120,2,5,0.362863,0.395451
012_default_lapin-on_lsym_g0.9,600,0.4,120,2,6,0.297241,0.376217
012_default_lapin-on_lsym_g0.9,600,0.4,120,2,7,0.341904,0.427359
012_default_lapin-on_lsym_g0.9,600,0.4,120,2,8,0.368808,0.441104
012_default_lapin-on_lsym_g0.9,600,0.4,120,2,9,0.417494,0.475149
012_default_lapin-on_lsym_g0.9,600,0.4,120,2,10,0.386445,0.423006
001_default_lapin-off_-_g0.3,700,0.4,140,2,1,0.276306,0.153055
001_default_lapin-off_-_g0.3,700,0.4,140,2,2,0.273465,0.162222
001_default_lapin-off_-_g0.3,700,0.4,140,2,3,0.31148,0.172857
001_default_lapin-off_-_g0.3,700,0.4,140,2,4,0.283674,0.15536
001_default_lapin-off_-_g0.3,700,0.4,140,2,5,0.400709,0.379004
001_default_lapin-off_-_g0.3,700,0.4,140,2,6,0.315263,0.26816
001_default_lapin-off_-_g0.3,700,0.4,140,2,7,0.274453,0.127818
001_default_lapin-off_-_g0.3,700,0.4,140,2,8,0.341939,0.29123
001_default_lapin-off_-_g0.3,700,0.4,140,2,9,0.263637,0.135461
001_default_lapin-off_-_g0.3,700,0.4,140,2,10,0.227919,0.084838
002_default_lapin-off_-_g0.5,700,0.4,140,2,1,0.418871,0.417868
002_default_lapin-off_-_g0.5,700,0.4,140,2,2,0.406048,0.390998
002_default_lapin-off_-_g0.5,700,0.4,140,2,3,0.486174,0.459321
002_default_lapin-off_-_g0.5,700,0.4,140,2,4,0.45293,0.459543
002_default_lapin-off_-_g0.5,700,0.4,140,2,5,0.584785,0.6514
002_default_lapin-off_-_g0.5,700,0.4,140,2,6,0.549281,0.595411
002_default_lapin-off_-_g0.5,700,0.4,140,2,7,0.475276,0.427414
002_default_lapin-off_-_g0.5,700,0.4,140,2,8,0.564407,0.59294
002_default_lapin-off_-_g0.5,700,0.4,140,2,9,0.455266,0.449338
002_default_lapin-off_-_g0.5,700,0.4,140,2,10,0.352964,0.311137
003_default_lapin-off_-_g0.6,700,0.4,140,2,1,0.499447,0.540456
003_default_lapin-off_-_g0.6,700,0.4,140,2,2,0.449351,0.468562
003_default_lapin-off_-_g0.6,700,0.4,140,2,3,0.550086,0.563445
003_default_lapin-off_-_g0.6,700,0.4,140,2,4,0.516521,0.564369
003_default_lapin-off_-_g0.6,700,0.4,140,2,5,0.651085,0.713247
003_default_lapin-off_-_g0.6,700,0.4,140,2,6,0.641381,0.690312
003_default_lapin-off_-_g0.6,700,0.4,140,2,7,0.562478,0.576085
003_default_lapin-off_-_g0.6,700,0.4,140,2,8,0.653526,0.688329
003_default_lapin-off_-_g0.6,700,0.4,140,2,9,0.557568,0.579246
003_default_lapin-off_-_g0.6,700,0.4,140,2,10,0.409811,0.419204
004_default_lapin-off_-_g0.7,700,0.4,140,2,1,0.570334,0.618608
004_default_lapin-off_-_g0.7,700,0.4,140,2,2,0.477453,0.530972
004_default_lapin-off_-_g0.7,700,0.4,140,2,3,0.5975,0.632287
004_default_lapin-off_-_g0.7,700,0.4,140,2,4,0.575935,0.631783
004_default_lapin-off_-_g0.7,700,0.4,140,2,5,0.683449,0.725695
004_default_lapin-off_-_g0.7,700,0.4,140,2,6,0.711805,0.72631
004_default_lapin-off_-_g0.7,700,0.4,140,2,7,0.627979,0.678953
004_default_lapin-off_-_g0.7,700,0.4,140,2,8,0.703572,0.727377
004_default_lapin-off_-_g0.7,700,0.4,140,2,9,0.615546,0.647495
004_default_lapin-off_-_g0.7,700,0.4,140,2,10,0.472953,0.523417
005_default_lapin-off_-_g0.8,700,0.4,140,2,1,0.61797,0.668419
005_default_lapin-off_-_g0.8,700,0.4,140,2,2,0.512825,0.589571
005_default_lapin-off_-_g0.8,700,0.4,140,2,3,0.638757,0.671694
005_default_lapin-off_-_g0.8,700,0.4,140,2,4,0.608829,0.678854
005_default_lapin-off_-_g0.8,700,0.4,140,2,5,0.695126,0.72264
005_default_lapin-off_-_g0.8,700,0.4,140,2,6,0.724281,0.737611
005_default_lapin-off_-_g0.8,700,0.4,140,2,7,0.669083,0.714118
005_default_lapin-off_-_g0.8,700,0.4,140,2,8,0.734078,0.738802
005_default_lapin-off_-_g0.8,700,0.4,140,2,9,0.674251,0.6802
005_default_lapin-off_-_g0.8,700,0.4,140,2,10,0.528612,0.585914
006_default_lapin-off_-_g0.9,700,0.4,140,2,1,0.623818,0.677203
006_default_lapin-off_-_g0.9,700,0.4,140,2,2,0.55016,0.598571
006_default_lapin-off_-_g0.9,700,0.4,140,2,3,0.64231,0.656118
006_default_lapin-off_-_g0.9,700,0.4,140,2,4,0.631182,0.689104
006_default_lapin-off_-_g0.9,700,0.4,140,2,5,0.673692,0.720319
006_default_lapin-off_-_g0.9,700,0.4,140,2,6,0.713827,0.726531
006_default_lapin-off_-_g0.9,700,0.4,140,2,7,0.677968,0.711628
006_default_lapin-off_-_g0.9,700,0.4,140,2,8,0.724438,0.72459
006_default_lapin-off_-_g0.9,700,0.4,140,2,9,0.677856,0.680222
006_default_lapin-off_-_g0.9,700,0.4,140,2,10,0.551523,0.609711
007_default_lapin-on_lsym_g0.3,700,0.4,140,2,1,0.226632,0.101547
007_default_lapin-on_lsym_g0.3,700,0.4,140,2,2,0.150406,0.027143
007_default_lapin-on_lsym_g0.3,700,0.4,140,2,3,0.223347,0.087492
007_default_lapin-on_lsym_g0.3,700,0.4,140,2,4,0.242701,0.116868
007_default_lapin-on_lsym_g0.3,700,0.4,140,2,5,0.16164,0.058005
007_default_lapin-on_lsym_g0.3,700,0.4,140,2,6,0.225989,0.109653
007_default_lapin-on_lsym_g0.3,700,0.4,140,2,7,0.131581,0.02925
007_default_lapin-on_lsym_g0.3,700,0.4,140,2,8,0.213422,0.100204
007_default_lapin-on_lsym_g0.3,700,0.4,140,2,9,0.171407,0.079502
007_default_lapin-on_lsym_g0.3,700,0.4,140,2,10,0.184668,0.064726
008_default_lapin-on_lsym_g0.5,700,0.4,140,2,1,0.387761,0.376313
008_default_lapin-on_lsym_g0.5,700,0.4,140,2,2,0.234328,0.175635
008_default_lapin-on_lsym_g0.5,700,0.4,140,2,3,0.362265,0.346433
008_default_lapin-on_lsym_g0.5,700,0.4,140,2,4,0.388527,0.377663
008_default_lapin-on_lsym_g0.5,700,0.4,140,2,5,0.267542,0.285086
008_default_lapin-on_lsym_g0.5,700,0.4,140,2,6,0.373093,0.363626
008_default_lapin-on_lsym_g0.5,700,0.4,140,2,7,0.208126,0.173535
008_default_lapin-on_lsym_g0.5,700,0.4,140,2,8,0.370047,0.368079
008_default_lapin-on_lsym_g0.5,700,0.4,140,2,9,0.362478,0.352313
008_default_lapin-on_lsym_g0.5,700,0.4,140,2,10,0.316223,0.313179
009_default_lapin-on_lsym_g0.6,700,0.4,140,2,1,0.46099,0.481265
009_default_lapin-on_lsym_g0.6,700,0.4,140,2,2,0.268875,0.258353
009_default_lapin-on_lsym_g0.6,700,0.4,140,2,3,0.436949,0.462297
009_default_lapin-on_lsym_g0.6,700,0.4,140,2,4,0.451893,0.479725
009_default_lapin-on_lsym_g0.6,700,0.4,140,2,5,0.316323,0.393843
009_default_lapin-on_lsym_g0.6,700,0.4,140,2,6,0.418742,0.451468
009_default_lapin-on_lsym_g0.6,700,0.4,140,2,7,0.240832,0.285126
009_default_lapin-on_lsym_g0.6,700,0.4,140,2,8,0.443151,0.490048
009_default_lapin-on_lsym_g0.6,700,0.4,140,2,9,0.417849,0.443542
009_default_lapin-on_lsym_g0.6,700,0.4,140,2,10,0.372172,0.408582
010_default_lapin-on_lsym_g0.7,700,0.4,140,2,1,0.518365,0.548928
010_default_lapin-on_lsym_g0.7,700,0.4,140,2,2,0.310871,0.35098
010_default_lapin-on_lsym_g0.7,700,0.4,140,2,3,0.492443,0.552866
010_default_lapin-on_lsym_g0.7,700,0.4,140,2,4,0.494661,0.555827
010_default_lapin-on_lsym_g0.7,700,0.4,140,2,5,0.354341,0.439684
010_default_lapin-on_lsym_g0.7,700,0.4,140,2,6,0.469694,0.519618
010_default_lapin-on_lsym_g0.7,700,0.4,140,2,7,0.278441,0.366087
010_default_lapin-on_lsym_g0.7,700,0.4,140,2,8,0.498192,0.569219
010_default_lapin-on_lsym_g0.7,700,0.4,140,2,9,0.475001,0.512776
010_default_lapin-on_lsym_g0.7,700,0.4,140,2,10,0.436481,0.489796
011_default_lapin-on_lsym_g0.8,700,0.4,140,2,1,0.558747,0.593635
011_default_lapin-on_lsym_g0.8,700,0.4,140,2,2,0.327103,0.426289
011_default_lapin-on_lsym_g0.8,700,0.4,140,2,3,0.533664,0.598122
011_default_lapin-on_lsym_g0.8,700,0.4,140,2,4,0.530878,0.604608
011_default_lapin-on_lsym_g0.8,700,0.4,140,2,5,0.394381,0.460549
011_default_lapin-on_lsym_g0.8,700,0.4,140,2,6,0.511675,0.556136
011_default_lapin-on_lsym_g0.8,700,0.4,140,2,7,0.32541,0.431661
011_default_lapin-on_lsym_g0.8,700,0.4,140,2,8,0.539006,0.593607
011_default_lapin-on_lsym_g0.8,700,0.4,140,2,9,0.505551,0.542074
011_default_lapin-on_lsym_g0.8,700,0.4,140,2,10,0.462817,0.512454
012_default_lapin-on_lsym_g0.9,700,0.4,140,2,1,0.597479,0.59639
012_default_lapin-on_lsym_g0.9,700,0.4,140,2,2,0.35251,0.449639
012_default_lapin-on_lsym_g0.9,700,0.4,140,2,3,0.56395,0.592121
012_default_lapin-on_lsym_g0.9,700,0.4,140,2,4,0.556522,0.608767
012_default_lapin-on_lsym_g0.9,700,0.4,140,2,5,0.423969,0.44559
012_default_lapin-on_lsym_g0.9,700,0.4,140,2,6,0.545964,0.567074
012_default_lapin-on_lsym_g0.9,700,0.4,140,2,7,0.37117,0.450851
012_default_lapin-on_lsym_g0.9,700,0.4,140,2,8,0.568531,0.586353
012_default_lapin-on_lsym_g0.9,700,0.4,140,2,9,0.515475,0.560936
012_default_lapin-on_lsym_g0.9,700,0.4,140,2,10,0.501027,0.520304
001_default_lapin-off_-_g0.3,800,0.4,160,2,1,0.239224,0.115627
001_default_lapin-off_-_g0.3,800,0.4,160,2,2,0.209417,0.101712
001_default_lapin-off_-_g0.3,800,0.4,160,2,3,0.31714,0.213259
001_default_lapin-off_-_g0.3,800,0.4,160,2,4,0.315817,0.191803
001_default_lapin-off_-_g0.3,800,0.4,160,2,5,0.230503,0.092238
001_default_lapin-off_-_g0.3,800,0.4,160,2,6,0.206402,0.12018
001_default_lapin-off_-_g0.3,800,0.4,160,2,7,0.244801,0.11572
001_default_lapin-off_-_g0.3,800,0.4,160,2,8,0.215011,0.101892
001_default_lapin-off_-_g0.3,800,0.4,160,2,9,0.245537,0.104151
001_default_lapin-off_-_g0.3,800,0.4,160,2,10,0.239768,0.164395
002_default_lapin-off_-_g0.5,800,0.4,160,2,1,0.383181,0.366749
002_default_lapin-off_-_g0.5,800,0.4,160,2,2,0.374342,0.333842
002_default_lapin-off_-_g0.5,800,0.4,160,2,3,0.504264,0.52777
002_default_lapin-off_-_g0.5,800,0.4,160,2,4,0.491151,0.469129
002_default_lapin-off_-_g0.5,800,0.4,160,2,5,0.407529,0.328975
002_default_lapin-off_-_g0.5,800,0.4,160,2,6,0.350473,0.333267
002_default_lapin-off_-_g0.5,800,0.4,160,2,7,0.384272,0.354121
002_default_lapin-off_-_g0.5,800,0.4,160,2,8,0.392405,0.389304
002_default_lapin-off_-_g0.5,800,0.4,160,2,9,0.398919,0.362182
002_default_lapin-off_-_g0.5,800,0.4,160,2,10,0.413318,0.406565
003_default_lapin-off_-_g0.6,800,0.4,160,2,1,0.449655,0.48163
003_default_lapin-off_-_g0.6,800,0.4,160,2,2,0.445087,0.445077
003_default_lapin-off_-_g0.6,800,0.4,160,2,3,0.583989,0.628849
003_default_lapin-off_-_g0.6,800,0.4,160,2,4,0.553383,0.566704
003_default_lapin-off_-_g0.6,800,0.4,160,2,5,0.490814,0.440429
003_default_lapin-off_-_g0.6,800,0.4,160,2,6,0.424585,0.450334
003_default_lapin-off_-_g0.6,800,0.4,160,2,7,0.458907,0.486688
003_default_lapin-off_-_g0.6,800,0.4,160,2,8,0.467535,0.48905
003_default_lapin-off_-_g0.6,800,0.4,160,2,9,0.475561,0.467773
003_default_lapin-off_-_g0.6,800,0.4,160,2,10,0.49678,0.514542
004_default_lapin-off_-_g0.7,800,0.4,160,2,1,0.503378,0.562124
004_default_lapin-off_-_g0.7,800,0.4,160,2,2,0.501118,0.521083
004_default_lapin-off_-_g0.7,800,0.4,160,2,3,0.644696,0.691764
004_default_lapin-off_-_g0.7,800,0.4,160,2,4,0.600914,0.649936
004_default_lapin-off_-_g0.7,800,0.4,160,2,5,0.544171,0.523506
004_default_lapin-off_-_g0.7,800,0.4,160,2,6,0.499323,0.555786
004_default_lapin-off_-_g0.7,800,0.4,160,2,7,0.548607,0.607977
004_default_lapin-off_-_g0.7,800,0.4,160,2,8,0.516056,0.542589
004_default_lapin-off_-_g0.7,800,0.4,160,2,9,0.54487,0.542734
004_default_lapin-off_-_g0.7,800,0.4,160,2,10,0.561484,0.573948
005_default_lapin-off_-_g0.8,800,0.4,160,2,1,0.561444,0.613956
005_default_lapin-off_-_g0.8,800,0.4,160,2,2,0.533782,0.579392
005_default_lapin-off_-_g0.8,800,0.4,160,2,3,0.689519,0.700347
005_default_lapin-off_-_g0.8,800,0.4,160,2,4,0.646243,0.704798
005_default_lapin-off_-_g0.8,800,0.4,160,2,5,0.609263,0.598538
005_default_lapin-off_-_g0.8,800,0.4,160,2,6,0.561167,0.628276
005_default_lapin-off_-_g0.8,800,0.4,160,2,7,0.619817,0.672701
005_default_lapin-off_-_g0.8,800,0.4,160,2,8,0.554053,0.59025
005_default_lapin-off_-_g0.8,800,0.4,160,2,9,0.597633,0.597515
005_default_lapin-off_-_g0.8,800,0.4,160,2,10,0.615625,0.623368
006_default_lapin-off_-_g0.9,800,0.4,160,2,1,0.58864,0.644812
006_default_lapin-off_-_g0.9,800,0.4,160,2,2,0.567961,0.620434
006_default_lapin-off_-_g0.9,800,0.4,160,2,3,0.678065,0.686844
006_default_lapin-off_-_g0.9,800,0.4,160,2,4,0.675239,0.720463
006_default_lapin-off_-_g0.9,800,0.4,160,2,5,0.648668,0.645815
006_default_lapin-off_-_g0.9,800,0.4,160,2,6,0.605914,0.654226
006_default_lapin-off_-_g0.9,800,0.4,160,2,7,0.664779,0.694752
006_default_lapin-off_-_g0.9,800,0.4,160,2,8,0.577692,0.616667
006_default_lapin-off_-_g0.9,800,0.4,160,2,9,0.649457,0.637348
006_default_lapin-off_-_g0.9,800,0.4,160,2,10,0.653323,0.643199
007_default_lapin-on_lsym_g0.3,800,0.4,160,2,1,0.174558,0.046464
007_default_lapin-on_lsym_g0.3,800,0.4,160,2,2,0.141274,0.042149
007_default_lapin-on_lsym_g0.3,800,0.4,160,2,3,0.161798,0.049195
007_default_lapin-on_lsym_g0.3,800,0.4,160,2,4,0.194089,0.057732
007_default_lapin-on_lsym_g0.3,800,0.4,160,2,5,0.114625,0.012609
007_default_lapin-on_lsym_g0.3,800,0.4,160,2,6,0.143714,0.0286
007_default_lapin-on_lsym_g0.3,800,0.4,160,2,7,0.144774,0.005592
007_default_lapin-on_lsym_g0.3,800,0.4,160,2,8,0.108994,0.010536
007_default_lapin-on_lsym_g0.3,800,0.4,160,2,9,0.141412,0.030064
007_default_lapin-on_lsym_g0.3,800,0.4,160,2,10,0.12807,0.022848
008_default_lapin-on_lsym_g0.5,800,0.4,160,2,1,0.289046,0.258579
008_default_lapin-on_lsym_g0.5,800,0.4,160,2,2,0.23298,0.23192
008_default_lapin-on_lsym_g0.5,800,0.4,160,2,3,0.254855,0.234206
008_default_lapin-on_lsym_g0.5,800,0.4,160,2,4,0.322335,0.271455
008_default_lapin-on_lsym_g0.5,800,0.4,160,2,5,0.211884,0.14106
008_default_lapin-on_lsym_g0.5,800,0.4,160,2,6,0.247667,0.204751
008_default_lapin-on_lsym_g0.5,800,0.4,160,2,7,0.229755,0.124297
008_default_lapin-on_lsym_g0.5,800,0.4,160,2,8,0.180192,0.146697
008_default_lapin-on_lsym_g0.5,800,0.4,160,2,9,0.218392,0.18822
008_default_lapin-on_lsym_g0.5,800,0.4,160,2,10,0.253961,0.189369
009_default_lapin-on_lsym_g0.6,800,0.4,160,2,1,0.351522,0.37853
009_default_lapin-on_lsym_g0.6,800,0.4,160,2,2,0.275025,0.307767
009_default_lapin-on_lsym_g0.6,800,0.4,160,2,3,0.297799,0.313499
009_default_lapin-on_lsym_g0.6,800,0.4,160,2,4,0.363941,0.377261
009_default_lapin-on_lsym_g0.6,800,0.4,160,2,5,0.270833,0.241891
009_default_lapin-on_lsym_g0.6,800,0.4,160,2,6,0.291921,0.292606
009_default_lapin-on_lsym_g0.6,800,0.4,160,2,7,0.277062,0.234739
009_default_lapin-on_lsym_g0.6,800,0.4,160,2,8,0.240248,0.25471
009_default_lapin-on_lsym_g0.6,800,0.4,160,2,9,0.274944,0.289369
009_default_lapin-on_lsym_g0.6,800,0.4,160,2,10,0.325376,0.320383
010_default_lapin-on_lsym_g0.7,800,0.4,160,2,1,0.395658,0.451506
010_default_lapin-on_lsym_g0.7,800,0.4,160,2,2,0.307943,0.374957
010_default_lapin-on_lsym_g0.7,800,0.4,160,2,3,0.334457,0.37971
010_default_lapin-on_lsym_g0.7,800,0.4,160,2,4,0.39361,0.481405
010_default_lapin-on_lsym_g0.7,800,0.4,160,2,5,0.328608,0.350138
010_default_lapin-on_lsym_g0.7,800,0.4,160,2,6,0.339583,0.394769
010_default_lapin-on_lsym_g0.7,800,0.4,160,2,7,0.316584,0.360635
010_default_lapin-on_lsym_g0.7,800,0.4,160,2,8,0.298549,0.349505
010_default_lapin-on_lsym_g0.7,800,0.4,160,2,9,0.314497,0.364287
010_default_lapin-on_lsym_g0.7,800,0.4,160,2,10,0.424458,0.449044
011_default_lapin-on_lsym_g0.8,800,0.4,160,2,1,0.43831,0.499028
011_default_lapin-on_lsym_g0.8,800,0.4,160,2,2,0.341764,0.415256
011_default_lapin-on_lsym_g0.8,800,0.4,160,2,3,0.366053,0.409875
011_default_lapin-on_lsym_g0.8,800,0.4,160,2,4,0.457681,0.544644
011_default_lapin-on_lsym_g0.8,800,0.4,160,2,5,0.410543,0.48122
011_default_lapin-on_lsym_g0.8,800,0.4,160,2,6,0.379409,0.460545
011_default_lapin-on_lsym_g0.8,800,0.4,160,2,7,0.357469,0.448282
011_default_lapin-on_lsym_g0.8,800,0.4,160,2,8,0.3246,0.408989
011_default_lapin-on_lsym_g0.8,800,0.4,160,2,9,0.347686,0.412622
011_default_lapin-on_lsym_g0.8,800,0.4,160,2,10,0.475743,0.528174
012_default_lapin-on_lsym_g0.9,800,0.4,160,2,1,0.47866,0.512537
012_default_lapin-on_lsym_g0.9,800,0.4,160,2,2,0.388088,0.427056
012_default_lapin-on_lsym_g0.9,800,0.4,160,2,3,0.383772,0.42081
012_default_lapin-on_lsym_g0.9,800,0.4,160,2,4,0.497283,0.569413
012_default_lapin-on_lsym_g0.9,800,0.4,160,2,5,0.450921,0.534258
012_default_lapin-on_lsym_g0.9,800,0.4,160,2,6,0.439271,0.50333
012_default_lapin-on_lsym_g0.9,800,0.4,160,2,7,0.376799,0.483198
012_default_lapin-on_lsym_g0.9,800,0.4,160,2,8,0.378115,0.419693
012_default_lapin-on_lsym_g0.9,800,0.4,160,2,9,0.373319,0.409655
012_default_lapin-on_lsym_g0.9,800,0.4,160,2,10,0.525201,0.573167
001_default_lapin-off_-_g0.3,900,0.4,180,2,1,0.242819,0.14264
001_default_lapin-off_-_g0.3,900,0.4,180,2,2,0.171144,0.059652
001_default_lapin-off_-_g0.3,900,0.4,180,2,3,0.267437,0.162102
001_default_lapin-off_-_g0.3,900,0.4,180,2,4,0.254141,0.154763
001_default_lapin-off_-_g0.3,900,0.4,180,2,5,0.292033,0.158889
001_default_lapin-off_-_g0.3,900,0.4,180,2,6,0.28471,0.163154
001_default_lapin-off_-_g0.3,900,0.4,180,2,7,0.246087,0.135939
001_default_lapin-off_-_g0.3,900,0.4,180,2,8,0.217482,0.096001
001_default_lapin-off_-_g0.3,900,0.4,180,2,9,0.236013,0.086756
001_default_lapin-off_-_g0.3,900,0.4,180,2,10,0.261371,0.173261
002_default_lapin-off_-_g0.5,900,0.4,180,2,1,0.431405,0.374455
002_default_lapin-off_-_g0.5,900,0.4,180,2,2,0.314064,0.265177
002_default_lapin-off_-_g0.5,900,0.4,180,2,3,0.480332,0.460622
002_default_lapin-off_-_g0.5,900,0.4,180,2,4,0.414154,0.414306
002_default_lapin-off_-_g0.5,900,0.4,180,2,5,0.495246,0.46434
002_default_lapin-off_-_g0.5,900,0.4,180,2,6,0.487325,0.457686
002_default_lapin-off_-_g0.5,900,0.4,180,2,7,0.381047,0.370353
002_default_lapin-off_-_g0.5,900,0.4,180,2,8,0.386305,0.356312
002_default_lapin-off_-_g0.5,900,0.4,180,2,9,0.390788,0.345281
002_default_lapin-off_-_g0.5,900,0.4,180,2,10,0.402253,0.361514
003_default_lapin-off_-_g0.6,900,0.4,180,2,1,0.494341,0.47233
003_default_lapin-off_-_g0.6,900,0.4,180,2,2,0.387648,0.380814
003_default_lapin-off_-_g0.6,900,0.4,180,2,3,0.56465,0.567008
003_default_lapin-off_-_g0.6,900,0.4,180,2,4,0.483948,0.507496
003_default_lapin-off_-_g0.6,900,0.4,180,2,5,0.558099,0.576068
003_default_lapin-off_-_g0.6,900,0.4,180,2,6,0.548789,0.539848
003_default_lapin-off_-_g0.6,900,0.4,180,2,7,0.447934,0.466305
003_default_lapin-off_-_g0.6,900,0.4,180,2,8,0.477898,0.478228
003_default_lapin-off_-_g0.6,900,0.4,180,2,9,0.467828,0.463973
003_default_lapin-off_-_g0.6,900,0.4,180,2,10,0.458676,0.438536
004_default_lapin-off_-_g0.7,900,0.4,180,2,1,0.571345,0.575658
004_default_lapin-off_-_g0.7,900,0.4,180,2,2,0.451094,0.484462
004_default_lapin-off_-_g0.7,900,0.4,180,2,3,0.627927,0.639295
004_default_lapin-off_-_g0.7,900,0.4,180,2,4,0.548023,0.577369
004_default_lapin-off_-_g0.7,900,0.4,180,2,5,0.60794,0.638102
004_default_lapin-off_-_g0.7,900,0.4,180,2,6,0.593056,0.614169
004_default_lapin-off_-_g0.7,900,0.4,180,2,7,0.506409,0.532433
004_default_lapin-off_-_g0.7,900,0.4,180,2,8,0.554263,0.579972
004_default_lapin-off_-_g0.7,900,0.4,180,2,9,0.54796,0.559708
004_default_lapin-off_-_g0.7,900,0.4,180,2,10,0.512116,0.505948
005_default_lapin-off_-_g0.8,900,0.4,180,2,1,0.645129,0.646138
005_default_lapin-off_-_g0.8,900,0.4,180,2,2,0.51591,0.568136
005_default_lapin-off_-_g0.8,900,0.4,180,2,3,0.663886,0.682155
005_default_lapin-off_-_g0.8,900,0.4,180,2,4,0.622348,0.641957
005_default_lapin-off_-_g0.8,900,0.4,180,2,5,0.649077,0.676703
005_default_lapin-off_-_g0.8,900,0.4,180,2,6,0.638698,0.66705
005_default_lapin-off_-_g0.8,900,0.4,180,2,7,0.559182,0.582822
005_default_lapin-off_-_g0.8,900,0.4,180,2,8,0.598111,0.646741
005_default_lapin-off_-_g0.8,900,0.4,180,2,9,0.594967,0.619785
005_default_lapin-off_-_g0.8,900,0.4,180,2,10,0.549781,0.548618
006_default_lapin-off_-_g0.9,900,0.4,180,2,1,0.684446,0.663745
006_default_lapin-off_-_g0.9,900,0.4,180,2,2,0.560624,0.614874
006_default_lapin-off_-_g0.9,900,0.4,180,2,3,0.69945,0.699161
006_default_lapin-off_-_g0.9,900,0.4,180,2,4,0.657428,0.65581
006_default_lapin-off_-_g0.9,900,0.4,180,2,5,0.680797,0.707807
006_default_lapin-off_-_g0.9,900,0.4,180,2,6,0.66793,0.692114
006_default_lapin-off_-_g0.9,900,0.4,180,2,7,0.587308,0.610651
006_default_lapin-off_-_g0.9,900,0.4,180,2,8,0.642874,0.658572
006_default_lapin-off_-_g0.9,900,0.4,180,2,9,0.635811,0.659282
006_default_lapin-off_-_g0.9,900,0.4,180,2,10,0.582662,0.59966
007_default_lapin-on_lsym_g0.3,900,0.4,180,2,1,0.184918,0.077166
007_default_lapin-on_lsym_g0.3,900,0.4,180,2,2,0.092468,0.005017
007_default_lapin-on_lsym_g0.3,900,0.4,180,2,3,0.166703,0.028237
007_default_lapin-on_lsym_g0.3,900,0.4,180,2,4,0.166795,0.054878
007_default_lapin-on_lsym_g0.3,900,0.4,180,2,5,0.198724,0.077471
007_default_lapin-on_lsym_g0.3,900,0.4,180,2,6,0.197609,0.081051
007_default_lapin-on_lsym_g0.3,900,0.4,180,2,7,0.173125,0.068708
007_default_lapin-on_lsym_g0.3,900,0.4,180,2,8,0.119149,0.022652
007_default_lapin-on_lsym_g0.3,900,0.4,180,2,9,0.173846,0.056458
007_default_lapin-on_lsym_g0.3,900,0.4,180,2,10,0.130323,0.007919
008_default_lapin-on_lsym_g0.5,900,0.4,180,2,1,0.331956,0.311804
008_default_lapin-on_lsym_g0.5,900,0.4,180,2,2,0.123203,0.093221
008_default_lapin-on_lsym_g0.5,900,0.4,180,2,3,0.286806,0.218964
008_default_lapin-on_lsym_g0.5,900,0.4,180,2,4,0.309931,0.324101
008_default_lapin-on_lsym_g0.5,900,0.4,180,2,5,0.350621,0.282183
008_default_lapin-on_lsym_g0.5,900,0.4,180,2,6,0.340652,0.311046
008_default_lapin-on_lsym_g0.5,900,0.4,180,2,7,0.328752,0.31545
008_default_lapin-on_lsym_g0.5,900,0.4,180,2,8,0.176155,0.180634
008_default_lapin-on_lsym_g0.5,900,0.4,180,2,9,0.298549,0.295841
008_default_lapin-on_lsym_g0.5,900,0.4,180,2,10,0.216398,0.147357
009_default_lapin-on_lsym_g0.6,900,0.4,180,2,1,0.40339,0.42788
009_default_lapin-on_lsym_g0.6,900,0.4,180,2,2,0.149621,0.169518
009_default_lapin-on_lsym_g0.6,900,0.4,180,2,3,0.3604,0.345671
009_default_lapin-on_lsym_g0.6,900,0.4,180,2,4,0.383538,0.460576
009_default_lapin-on_lsym_g0.6,900,0.4,180,2,5,0.417949,0.402524
009_default_lapin-on_lsym_g0.6,900,0.4,180,2,6,0.398799,0.43211
009_default_lapin-on_lsym_g0.6,900,0.4,180,2,7,0.407571,0.431384
009_default_lapin-on_lsym_g0.6,900,0.4,180,2,8,0.240693,0.279301
009_default_lapin-on_lsym_g0.6,900,0.4,180,2,9,0.379815,0.417778
009_default_lapin-on_lsym_g0.6,900,0.4,180,2,10,0.265934,0.256362
010_default_lapin-on_lsym_g0.7,900,0.4,180,2,1,0.467628,0.533243
010_default_lapin-on_lsym_g0.7,900,0.4,180,2,2,0.169551,0.239833
010_default_lapin-on_lsym_g0.7,900,0.4,180,2,3,0.42086,0.45103
010_default_lapin-on_lsym_g0.7,900,0.4,180,2,4,0.469081,0.559486
010_default_lapin-on_lsym_g0.7,900,0.4,180,2,5,0.478041,0.511185
010_default_lapin-on_lsym_g0.7,900,0.4,180,2,6,0.453182,0.510332
010_default_lapin-on_lsym_g0.7,900,0.4,180,2,7,0.471102,0.522928
010_default_lapin-on_lsym_g0.7,900,0.4,180,2,8,0.292323,0.35851
010_default_lapin-on_lsym_g0.7,900,0.4,180,2,9,0.44388,0.516347
010_default_lapin-on_lsym_g0.7,900,0.4,180,2,10,0.311791,0.368108
011_default_lapin-on_lsym_g0.8,900,0.4,180,2,1,0.518098,0.595038
011_default_lapin-on_lsym_g0.8,900,0.4,180,2,2,0.198593,0.303624
011_default_lapin-on_lsym_g0.8,900,0.4,180,2,3,0.481083,0.540606
011_default_lapin-on_lsym_g0.8,900,0.4,180,2,4,0.527737,0.597701
011_default_lapin-on_lsym_g0.8,900,0.4,180,2,5,0.538989,0.6003
011_default_lapin-on_lsym_g0.8,900,0.4,180,2,6,0.503306,0.573188
011_default_lapin-on_lsym_g0.8,900,0.4,180,2,7,0.518355,0.569245
011_default_lapin-on_lsym_g0.8,900,0.4,180,2,8,0.370594,0.411889
011_default_lapin-on_lsym_g0.8,900,0.4,180,2,9,0.476677,0.557225
011_default_lapin-on_lsym_g0.8,900,0.4,180,2,10,0.371438,0.454462
012_default_lapin-on_lsym_g0.9,900,0.4,180,2,1,0.561869,0.617553
012_default_lapin-on_lsym_g0.9,900,0.4,180,2,2,0.25095,0.336394
012_default_lapin-on_lsym_g0.9,900,0.4,180,2,3,0.549662,0.597583
012_default_lapin-on_lsym_g0.9,900,0.4,180,2,4,0.556498,0.605784
012_default_lapin-on_lsym_g0.9,900,0.4,180,2,5,0.557418,0.625549
012_default_lapin-on_lsym_g0.9,900,0.4,180,2,6,0.530184,0.586315
012_default_lapin-on_lsym_g0.9,900,0.4,180,2,7,0.540912,0.592804
012_default_lapin-on_lsym_g0.9,900,0.4,180,2,8,0.407927,0.42921
012_default_lapin-on_lsym_g0.9,900,0.4,180,2,9,0.498907,0.565188
012_default_lapin-on_lsym_g0.9,900,0.4,180,2,10,0.377556,0.502352
001_default_lapin-off_-_g0.3,1000,0.4,200,2,1,0.2214,0.10755
001_default_lapin-off_-_g0.3,1000,0.4,200,2,2,0.163738,0.021662
001_default_lapin-off_-_g0.3,1000,0.4,200,2,3,0.259357,0.170317
001_default_lapin-off_-_g0.3,1000,0.4,200,2,4,0.216655,0.113416
001_default_lapin-off_-_g0.3,1000,0.4,200,2,5,0.203634,0.117487
001_default_lapin-off_-_g0.3,1000,0.4,200,2,6,0.234889,0.116235
001_default_lapin-off_-_g0.3,1000,0.4,200,2,7,0.237618,0.14054
001_default_lapin-off_-_g0.3,1000,0.4,200,2,8,0.180905,0.074648
001_default_lapin-off_-_g0.3,1000,0.4,200,2,9,0.215338,0.109742
001_default_lapin-off_-_g0.3,1000,0.4,200,2,10,0.218496,0.113549
002_default_lapin-off_-_g0.5,1000,0.4,200,2,1,0.426056,0.401723
002_default_lapin-off_-_g0.5,1000,0.4,200,2,2,0.291276,0.198127
002_default_lapin-off_-_g0.5,1000,0.4,200,2,3,0.477559,0.493056
002_default_lapin-off_-_g0.5,1000,0.4,200,2,4,0.365155,0.308365
002_default_lapin-off_-_g0.5,1000,0.4,200,2,5,0.357777,0.34127
002_default_lapin-off_-_g0.5,1000,0.4,200,2,6,0.415848,0.362021
002_default_lapin-off_-_g0.5,1000,0.4,200,2,7,0.448699,0.463861
002_default_lapin-off_-_g0.5,1000,0.4,200,2,8,0.357594,0.335178
002_default_lapin-off_-_g0.5,1000,0.4,200,2,9,0.392529,0.355365
002_default_lapin-off_-_g0.5,1000,0.4,200,2,10,0.396231,0.377715
003_default_lapin-off_-_g0.6,1000,0.4,200,2,1,0.52173,0.546016
003_default_lapin-off_-_g0.6,1000,0.4,200,2,2,0.369909,0.326814
003_default_lapin-off_-_g0.6,1000,0.4,200,2,3,0.576153,0.612879
003_default_lapin-off_-_g0.6,1000,0.4,200,2,4,0.434484,0.420237
003_default_lapin-off_-_g0.6,1000,0.4,200,2,5,0.437525,0.458827
003_default_lapin-off_-_g0.6,1000,0.4,200,2,6,0.49202,0.481281
003_default_lapin-off_-_g0.6,1000,0.4,200,2,7,0.539414,0.588522
003_default_lapin-off_-_g0.6,1000,0.4,200,2,8,0.450026,0.45714
003_default_lapin-off_-_g0.6,1000,0.4,200,2,9,0.482872,0.491544
003_default_lapin-off_-_g0.6,1000,0.4,200,2,10,0.503683,0.522197
004_default_lapin-off_-_g0.7,1000,0.4,200,2,1,0.587642,0.619562
004_default_lapin-off_-_g0.7,1000,0.4,200,2,2,0.445063,0.450553
004_default_lapin-off_-_g0.7,1000,0.4,200,2,3,0.653008,0.677842
004_default_lapin-off_-_g0.7,1000,0.4,200,2,4,0.484246,0.512539
004_default_lapin-off_-_g0.7,1000,0.4,200,2,5,0.530431,0.555665
004_default_lapin-off_-_g0.7,1000,0.4,200,2,6,0.568064,0.577388
004_default_lapin-off_-_g0.7,1000,0.4,200,2,7,0.602202,0.651014
004_default_lapin-off_-_g0.7,1000,0.4,200,2,8,0.532189,0.560223
004_default_lapin-off_-_g0.7,1000,0.4,200,2,9,0.572397,0.60055
004_default_lapin-off_-_g0.7,1000,0.4,200,2,10,0.576255,0.616292
005_default_lapin-off_-_g0.8,1000,0.4,200,2,1,0.645378,0.664386
005_default_lapin-off_-_g0.8,1000,0.4,200,2,2,0.497748,0.545428
005_default_lapin-off_-_g0.8,1000,0.4,200,2,3,0.720684,0.717226
005_default_lapin-off_-_g0.8,1000,0.4,200,2,4,0.526531,0.571533
005_default_lapin-off_-_g0.8,1000,0.4,200,2,5,0.590925,0.606037
005_default_lapin-off_-_g0.8,1000,0.4,200,2,6,0.626458,0.629998
005_default_lapin-off_-_g0.8,1000,0.4,200,2,7,0.66819,0.695247
005_default_lapin-off_-_g0.8,1000,0.4,200,2,8,0.579597,0.602095
005_default_lapin-off_-_g0.8,1000,0.4,200,2,9,0.636583,0.650652
005_default_lapin-off_-_g0.8,1000,0.4,200,2,10,0.62778,0.66583
006_default_lapin-off_-_g0.9,1000,0.4,200,2,1,0.685297,0.690342
006_default_lapin-off_-_g0.9,1000,0.4,200,2,2,0.538296,0.597613
006_default_lapin-off_-_g0.9,1000,0.4,200,2,3,0.739591,0.731207
006_default_lapin-off_-_g0.9,1000,0.4,200,2,4,0.543754,0.593558
006_default_lapin-off_-_g0.9,1000,0.4,200,2,5,0.592841,0.622206
006_default_lapin-off_-_g0.9,1000,0.4,200,2,6,0.655342,0.647912
006_default_lapin-off_-_g0.9,1000,0.4,200,2,7,0.70613,0.716144
006_default_lapin-off_-_g0.9,1000,0.4,200,2,8,0.585323,0.635998
006_default_lapin-off_-_g0.9,1000,0.4,200,2,9,0.646776,0.664995
006_default_lapin-off_-_g0.9,1000,0.4,200,2,10,0.664649,0.677554
007_default_lapin-on_lsym_g0.3,1000,0.4,200,2,1,0.129196,0.045931
007_default_lapin-on_lsym_g0.3,1000,0.4,200,2,2,0.221652,0.10901
007_default_lapin-on_lsym_g0.3,1000,0.4,200,2,3,0.134889,0.014122
007_default_lapin-on_lsym_g0.3,1000,0.4,200,2,4,0.116573,0.030055
007_default_lapin-on_lsym_g0.3,1000,0.4,200,2,5,0.138213,0.023302
007_default_lapin-on_lsym_g0.3,1000,0.4,200,2,6,0.120906,0.005573
007_default_lapin-on_lsym_g0.3,1000,0.4,200,2,7,0.14165,0.035653
007_default_lapin-on_lsym_g0.3,1000,0.4,200,2,8,0.069925,0.00968
007_default_lapin-on_lsym_g0.3,1000,0.4,200,2,9,0.11852,0.032118
007_default_lapin-on_lsym_g0.3,1000,0.4,200,2,10,0.123262,0.025914
008_default_lapin-on_lsym_g0.5,1000,0.4,200,2,1,0.212172,0.217694
008_default_lapin-on_lsym_g0.5,1000,0.4,200,2,2,0.385448,0.350124
008_default_lapin-on_lsym_g0.5,1000,0.4,200,2,3,0.280358,0.190694
008_default_lapin-on_lsym_g0.5,1000,0.4,200,2,4,0.194454,0.174537
008_default_lapin-on_lsym_g0.5,1000,0.4,200,2,5,0.264705,0.219259
008_default_lapin-on_lsym_g0.5,1000,0.4,200,2,6,0.209023,0.14969
008_default_lapin-on_lsym_g0.5,1000,0.4,200,2,7,0.302093,0.256609
008_default_lapin-on_lsym_g0.5,1000,0.4,200,2,8,0.181618,0.150335
008_default_lapin-on_lsym_g0.5,1000,0.4,200,2,9,0.246965,0.238325
008_default_lapin-on_lsym_g0.5,1000,0.4,200,2,10,0.273409,0.23779
009_default_lapin-on_lsym_g0.6,1000,0.4,200,2,1,0.232188,0.298223
009_default_lapin-on_lsym_g0.6,1000,0.4,200,2,2,0.449139,0.481292
009_default_lapin-on_lsym_g0.6,1000,0.4,200,2,3,0.349174,0.302302
009_default_lapin-on_lsym_g0.6,1000,0.4,200,2,4,0.216602,0.257406
009_default_lapin-on_lsym_g0.6,1000,0.4,200,2,5,0.329199,0.34419
009_default_lapin-on_lsym_g0.6,1000,0.4,200,2,6,0.285094,0.257655
009_default_lapin-on_lsym_g0.6,1000,0.4,200,2,7,0.380924,0.395695
009_default_lapin-on_lsym_g0.6,1000,0.4,200,2,8,0.254934,0.262158
009_default_lapin-on_lsym_g0.6,1000,0.4,200,2,9,0.306938,0.352267
009_default_lapin-on_lsym_g0.6,1000,0.4,200,2,10,0.342797,0.351735
010_default_lapin-on_lsym_g0.7,1000,0.4,200,2,1,0.256396,0.351552
010_default_lapin-on_lsym_g0.7,1000,0.4,200,2,2,0.503648,0.561271
010_default_lapin-on_lsym_g0.7,1000,0.4,200,2,3,0.413619,0.418559
010_default_lapin-on_lsym_g0.7,1000,0.4,200,2,4,0.272835,0.34607
010_default_lapin-on_lsym_g0.7,1000,0.4,200,2,5,0.395834,0.460036
010_default_lapin-on_lsym_g0.7,1000,0.4,200,2,6,0.35721,0.379378
010_default_lapin-on_lsym_g0.7,1000,0.4,200,2,7,0.462806,0.503989
010_default_lapin-on_lsym_g0.7,1000,0.4,200,2,8,0.326712,0.354347
010_default_lapin-on_lsym_g0.7,1000,0.4,200,2,9,0.361259,0.429457
010_default_lapin-on_lsym_g0.7,1000,0.4,200,2,10,0.419448,0.468946
011_default_lapin-on_lsym_g0.8,1000,0.4,200,2,1,0.292675,0.387246
011_default_lapin-on_lsym_g0.8,1000,0.4,200,2,2,0.55387,0.60182
011_default_lapin-on_lsym_g0.8,1000,0.4,200,2,3,0.460618,0.505771
011_default_lapin-on_lsym_g0.8,1000,0.4,200,2,4,0.292912,0.395738
011_default_lapin-on_lsym_g0.8,1000,0.4,200,2,5,0.473499,0.527882
011_default_lapin-on_lsym_g0.8,1000,0.4,200,2,6,0.413677,0.46554
011_default_lapin-on_lsym_g0.8,1000,0.4,200,2,7,0.507135,0.56225
011_default_lapin-on_lsym_g0.8,1000,0.4,200,2,8,0.388246,0.434575
011_default_lapin-on_lsym_g0.8,1000,0.4,200,2,9,0.408111,0.473741
011_default_lapin-on_lsym_g0.8,1000,0.4,200,2,10,0.486123,0.56435
012_default_lapin-on_lsym_g0.9,1000,0.4,200,2,1,0.307042,0.38917
012_default_lapin-on_lsym_g0.9,1000,0.4,200,2,2,0.551186,0.611697
012_default_lapin-on_lsym_g0.9,1000,0.4,200,2,3,0.496943,0.55897
012_default_lapin-on_lsym_g0.9,1000,0.4,200,2,4,0.346956,0.412247
012_default_lapin-on_lsym_g0.9,1000,0.4,200,2,5,0.535867,0.584593
012_default_lapin-on_lsym_g0.9,1000,0.4,200,2,6,0.462122,0.507398
012_default_lapin-on_lsym_g0.9,1000,0.4,200,2,7,0.553156,0.580174
012_default_lapin-on_lsym_g0.9,1000,0.4,200,2,8,0.451347,0.47788
012_default_lapin-on_lsym_g0.9,1000,0.4,200,2,9,0.452471,0.489231
012_default_lapin-on_lsym_g0.9,1000,0.4,200,2,10,0.533379,0.609848
