om,Algorithm,#Instances,ONMI Results,Mean ONMI,Sample Std ONMI,Reported Std ONMI Results,Mean Reported Std ONMI,Omega Results,Mean Omega,Sample Std Omega,Reported Std Omega Results,Mean Reported Std Omega,|K'-K|/K Results,Mean |K'-K|/K,Sample Std |K'-K|/K,Reported Std |K'-K|/K Results,Mean Reported Std |K'-K|/K,Runtime Results,Mean Runtime,Sample Std Runtime,Reported Std Runtime Results,Mean Reported Std Runtime
2,FADDIS,10,"[0.645378, 0.497748, 0.720684, 0.526531, 0.590925, 0.634544, 0.66819, 0.579597, 0.636583, 0.62778]",0.612796,0.066074,"[null, null, null, null, null, null, null, null, null, null]",,"[0.664386, 0.545428, 0.717226, 0.571533, 0.606037, 0.642567, 0.695247, 0.602095, 0.650652, 0.66583]",0.6361,0.05423,"[null, null, null, null, null, null, null, null, null, null]",,"[0.095238, 0.3, 0.16, 0.083333, 0.083333, 0.08, 0.090909, 0.037037, 0.041667, 0.08]",0.105152,0.07613,"[null, null, null, null, null, null, null, null, null, null]",,"[8.502541, 10.718648, 11.163286, 10.293999, 8.911086, 10.696959, 9.765194, 10.88095, 9.423553, 9.458511]",9.981473,0.902051,"[null, null, null, null, null, null, null, null, null, null]",
2,SLPA,10,"[0.585306, 0.586507, 0.600474, 0.612894, 0.715565, 0.569034, 0.394606, 0.497057, 0.586466, 0.724718]",0.587263,0.095323,"[0.0869, 0.083061, 0.025197, 0.059837, 0.063116, 0.017291, 0.260297, 0.120636, 0.141877, 0.059523]",0.091774,"[0.385356, 0.478909, 0.474585, 0.643013, 0.686742, 0.510158, 0.37995, 0.229806, 0.486682, 0.709822]",0.498502,0.14954,"[0.126366, 0.161313, 0.156559, 0.136573, 0.118588, 0.066067, 0.340573, 0.175831, 0.31338, 0.122105]",0.171735,"[0.079365, 0.6, 0.106667, 0.583333, 0.138889, 0.306667, 0.681818, 0.333333, 0.333333, 0.24]",0.340341,0.215425,"[0.072739, 0.1, 0.061101, 0.291667, 0.048113, 0.083267, 0.360784, 0.1283, 0.150231, 0.144222]",0.144042,"[8.617001, 8.630249, 8.804223, 8.59681, 8.349778, 8.587788, 8.310491, 8.518115, 8.609593, 8.522578]",8.554663,0.142101,"[null, null, null, null, null, null, null, null, null, null]",
2,CFinder,10,"[0.189497, 0.128959, 0.187031, 0.234874, 0.2346, 0.17547, 0.166704, 0.305945, 0.222209, 0.264363]",0.210965,0.051755,"[null, null, null, null, null, null, null, null, null, null]",,"[0.077593, 0.062174, 0.071158, 0.10084, 0.08218, 0.076286, 0.072381, 0.130244, 0.089449, 0.106386]",0.086869,0.020414,"[null, null, null, null, null, null, null, null, null, null]",,"[0.857143, 1.0, 0.92, 1.041667, 0.458333, 0.8, 0.590909, 0.888889, 0.541667, 0.84]",0.793861,0.197873,"[null, null, null, null, null, null, null, null, null, null]",,"[0.13064, 0.115837, 0.111211, 0.120162, 0.127556, 0.137812, 0.138767, 0.128476, 0.116638, 0.121616]",0.124872,0.009326,"[null, null, null, null, null, null, null, null, null, null]",
3,FADDIS,10,"[0.476287, 0.576441, 0.515812, 0.515658, 0.394563, 0.560428, 0.493945, 0.509389, 0.476346, 0.445655]",0.496452,0.052895,"[null, null, null, null, null, null, null, null, null, null]",,"[0.505498, 0.564546, 0.547844, 0.532363, 0.428785, 0.579012, 0.509011, 0.513895, 0.47256, 0.493922]",0.514744,0.044394,"[null, null, null, null, null, null, null, null, null, null]",,"[0.09375, 0.038462, 0.1, 0.034483, 0.071429, 0.034483, 0.066667, 0.0, 0.033333, 0.12]",0.059261,0.037396,"[null, null, null, null, null, null, null, null, null, null]",,"[11.672666, 11.351751, 10.674508, 11.157132, 10.492867, 11.408467, 11.465982, 11.857107, 12.341047, 9.138751]",11.156028,0.88831,"[null, null, null, null, null, null, null, null, null, null]",
3,SLPA,10,"[0.52789, 0.461157, 0.46566, 0.474185, 0.47521, 0.42835, 0.518794, 0.371752, 0.530442, 0.42402]",0.467746,0.050528,"[0.037803, 0.073469, 0.073505, 0.007202, 0.050677, 0.115285, 0.029987, 0.043311, 0.044386, 0.035209]",0.051083,"[0.46797, 0.411341, 0.349597, 0.373262, 0.446964, 0.282478, 0.514553, 0.31394, 0.486282, 0.379087]",0.402547,0.076279,"[0.091417, 0.122232, 0.192519, 0.039327, 0.123225, 0.170006, 0.029989, 0.078097, 0.080698, 0.086204]",0.101371,"[0.114583, 0.166667, 0.133333, 0.022989, 0.119048, 0.183908, 0.1, 0.275862, 0.055556, 0.16]",0.133195,0.070385,"[0.036084, 0.225364, 0.120185, 0.019909, 0.089879, 0.110847, 0.088192, 0.215345, 0.03849, 0.12]",0.106429,"[8.646169, 8.679519, 8.91607, 8.762824, 8.466567, 8.509277, 8.600233, 8.31624, 8.661524, 8.430357]",8.598878,0.174475,"[null, null, null, null, null, null, null, null, null, null]",
3,CFinder,10,"[0.233385, 0.178265, 0.243706, 0.23821, 0.227906, 0.21895, 0.200302, 0.150376, 0.230752, 0.20237]",0.212422,0.029751,"[null, null, null, null, null, null, null, null, null, null]",,"[0.113832, 0.104219, 0.13358, 0.129237, 0.119714, 0.114089, 0.108977, 0.074936, 0.122616, 0.112433]",0.113363,0.01622,"[null, null, null, null, null, null, null, null, null, null]",,"[0.1875, 0.576923, 0.433333, 0.586207, 0.392857, 0.275862, 0.566667, 0.275862, 0.533333, 0.32]",0.414854,0.146387,"[null, null, null, null, null, null, null, null, null, null]",,"[0.142533, 0.129508, 0.144851, 0.123616, 0.115492, 0.123053, 0.116139, 0.096212, 0.133396, 0.107077]",0.123188,0.015217,"[null, null, null, null, null, null, null, null, null, null]",
4,FADDIS,10,"[0.367145, 0.477012, 0.39304, 0.288415, 0.428017, 0.417849, 0.463595, 0.353522, 0.439451, 0.377634]",0.400568,0.056639,"[null, null, null, null, null, null, null, null, null, null]",,"[0.418276, 0.4873, 0.436157, 0.361761, 0.463334, 0.452937, 0.458455, 0.406447, 0.430248, 0.436169]",0.435108,0.034792,"[null, null, null, null, null, null, null, null, null, null]",,"[0.034483, 0.068966, 0.138889, 0.121212, 0.032258, 0.030303, 0.129032, 0.114286, 0.032258, 0.121212]",0.08229,0.046683,"[null, null, null, null, null, null, null, null, null, null]",,"[11.145168, 13.299772, 13.439986, 12.513904, 12.827554, 13.310462, 14.345056, 12.793612, 13.175546, 12.030276]",12.888134,0.868209,"[null, null, null, null, null, null, null, null, null, null]",
4,SLPA,10,"[0.359011, 0.399312, 0.460993, 0.424838, 0.309515, 0.413361, 0.388007, 0.483805, 0.462532, 0.356293]",0.405767,0.054812,"[0.015474, 0.030838, 0.036231, 0.064254, 0.099345, 0.015318, 0.06504, 0.013089, 0.069505, 0.083598]",0.049269,"[0.379993, 0.388742, 0.498673, 0.397025, 0.277345, 0.348278, 0.369874, 0.520358, 0.494115, 0.279902]",0.39543,0.085931,"[0.034916, 0.039921, 0.048292, 0.185953, 0.180461, 0.039621, 0.108801, 0.037849, 0.079364, 0.202637]",0.095781,"[0.206897, 0.137931, 0.12037, 0.10101, 0.215054, 0.090909, 0.182796, 0.085714, 0.258065, 0.242424]",0.164117,0.064825,"[0.191992, 0.150307, 0.06415, 0.097411, 0.289125, 0.052486, 0.183427, 0.028571, 0.14061, 0.080174]",0.127825,"[8.658951, 8.551058, 8.668368, 8.547854, 8.468297, 8.54211, 8.336272, 8.652031, 8.626509, 8.570688]",8.562214,0.101928,"[null, null, null, null, null, null, null, null, null, null]",
4,CFinder,10,"[0.123378, 0.150241, 0.206941, 0.219568, 0.193728, 0.153982, 0.145959, 0.208104, 0.187098, 0.140136]",0.172914,0.033886,"[null, null, null, null, null, null, null, null, null, null]",,"[0.097952, 0.133893, 0.157566, 0.164188, 0.147858, 0.13826, 0.127408, 0.174457, 0.168428, 0.120936]",0.143095,0.024003,"[null, null, null, null, null, null, null, null, null, null]",,"[0.482759, 0.517241, 0.416667, 0.424242, 0.677419, 0.606061, 0.258065, 0.542857, 0.516129, 0.727273]",0.516871,0.135581,"[null, null, null, null, null, null, null, null, null, null]",,"[0.104106, 0.116557, 0.108702, 0.124229, 0.125526, 0.106844, 0.101641, 0.114545, 0.119612, 0.121826]",0.114359,0.0086,"[null, null, null, null, null, null, null, null, null, null]",
5,FADDIS,10,"[0.254993, 0.353553, 0.201383, 0.335291, 0.310546, 0.264864, 0.324764, 0.29433, 0.387061, 0.277101]",0.300389,0.053705,"[null, null, null, null, null, null, null, null, null, null]",,"[0.332047, 0.393347, 0.329169, 0.379569, 0.368438, 0.368024, 0.396993, 0.326743, 0.418291, 0.371131]",0.368375,0.031015,"[null, null, null, null, null, null, null, null, null, null]",,"[0.209302, 0.0, 0.263158, 0.114286, 0.085714, 0.194444, 0.114286, 0.083333, 0.108108, 0.121212]",0.129384,0.074728,"[null, null, null, null, null, null, null, null, null, null]",,"[14.0944, 14.184967, 11.838078, 12.933105, 13.579685, 12.554835, 13.177603, 13.123817, 12.575419, 12.290496]",13.03524,0.760754,"[null, null, null, null, null, null, null, null, null, null]",
5,SLPA,10,"[0.283404, 0.365375, 0.160605, 0.332923, 0.337788, 0.353664, 0.353175, 0.208702, 0.304191, 0.222885]",0.292271,0.071416,"[0.081192, 0.02126, 0.033527, 0.044705, 0.047582, 0.035848, 0.049303, 0.129711, 0.064278, 0.11147]",0.061888,"[0.283361, 0.427994, 0.083452, 0.341834, 0.401425, 0.383445, 0.393688, 0.239173, 0.329527, 0.225365]",0.310927,0.105556,"[0.165058, 0.050325, 0.02649, 0.111534, 0.034456, 0.124815, 0.080723, 0.182777, 0.130145, 0.182403]",0.108873,"[0.178295, 0.068627, 0.578947, 0.171429, 0.133333, 0.111111, 0.104762, 0.425926, 0.18018, 0.292929]",0.224554,0.162483,"[0.228255, 0.074018, 0.094883, 0.12454, 0.162464, 0.073493, 0.091844, 0.329062, 0.171645, 0.326842]",0.167705,"[8.59047, 8.691522, 8.771126, 8.687818, 8.422663, 8.583689, 8.524974, 8.451143, 8.585293, 8.523531]",8.583223,0.109653,"[null, null, null, null, null, null, null, null, null, null]",
5,CFinder,10,"[0.262605, 0.197005, 0.218282, 0.186631, 0.152976, 0.164006, 0.154206, 0.129836, 0.17276, 0.112905]",0.175121,0.043597,"[null, null, null, null, null, null, null, null, null, null]",,"[0.238931, 0.224835, 0.210757, 0.189359, 0.152414, 0.185502, 0.155267, 0.141998, 0.203017, 0.140211]",0.184229,0.03543,"[null, null, null, null, null, null, null, null, null, null]",,"[0.348837, 0.529412, 0.263158, 0.228571, 0.228571, 0.222222, 0.457143, 0.25, 0.162162, 0.181818]",0.287189,0.120713,"[null, null, null, null, null, null, null, null, null, null]",,"[0.117622, 0.146901, 0.123203, 0.111969, 0.110396, 0.112276, 0.111182, 0.095638, 0.125113, 0.12462]",0.117892,0.013459,"[null, null, null, null, null, null, null, null, null, null]",
6,FADDIS,10,"[0.292684, 0.238781, 0.208501, 0.287626, 0.208965, 0.25692, 0.194685, 0.218829, 0.182147, 0.192832]",0.228197,0.039394,"[null, null, null, null, null, null, null, null, null, null]",,"[0.356363, 0.350501, 0.32435, 0.356566, 0.320556, 0.3468, 0.322025, 0.347508, 0.31823, 0.305551]",0.334845,0.018547,"[null, null, null, null, null, null, null, null, null, null]",,"[0.153846, 0.282051, 0.255814, 0.184211, 0.162791, 0.195122, 0.204545, 0.216216, 0.176471, 0.146341]",0.197741,0.043844,"[null, null, null, null, null, null, null, null, null, null]",,"[12.584572, 11.423433, 13.357883, 12.670379, 14.172485, 12.846957, 14.191373, 12.085974, 12.064585, 13.339198]",12.873684,0.905436,"[null, null, null, null, null, null, null, null, null, null]",
6,SLPA,10,"[0.208997, 0.297221, 0.260106, 0.291235, 0.240977, 0.231559, 0.193531, 0.299341, 0.204054, 0.171003]",0.239802,0.046031,"[0.047077, 0.053616, 0.030348, 0.016144, 0.073246, 0.137193, 0.014057, 0.002246, 0.163614, 0.048406]",0.058595,"[0.121373, 0.37197, 0.330876, 0.367411, 0.265193, 0.207295, 0.141353, 0.383924, 0.240473, 0.167327]",0.25972,0.099735,"[0.067373, 0.072345, 0.049596, 0.033942, 0.169825, 0.188783, 0.015708, 0.028356, 0.211573, 0.071491]",0.090899,"[0.410256, 0.08547, 0.162791, 0.114035, 0.232558, 0.398374, 0.454545, 0.045045, 0.441176, 0.317073]",0.266132,0.157569,"[0.142763, 0.064528, 0.046512, 0.054781, 0.302326, 0.332937, 0.081944, 0.015604, 0.439211, 0.247534]",0.172814,"[8.467471, 8.82683, 8.647513, 8.819166, 8.555815, 8.704753, 8.848253, 8.632815, 8.661151, 8.565522]",8.672929,0.127663,"[null, null, null, null, null, null, null, null, null, null]",
6,CFinder,10,"[0.159584, 0.100699, 0.193153, 0.16058, 0.207517, 0.146184, 0.197025, 0.136687, 0.084501, 0.148569]",0.15345,0.039974,"[null, null, null, null, null, null, null, null, null, null]",,"[0.227685, 0.179051, 0.234984, 0.227714, 0.254122, 0.239171, 0.258114, 0.209621, 0.140734, 0.191814]",0.216301,0.036595,"[null, null, null, null, null, null, null, null, null, null]",,"[0.282051, 0.410256, 0.046512, 0.368421, 0.162791, 0.439024, 0.227273, 0.297297, 0.441176, 0.02439]",0.269919,0.153373,"[null, null, null, null, null, null, null, null, null, null]",,"[0.119814, 0.106976, 0.105949, 0.239886, 0.12653, 0.114394, 0.146335, 0.124282, 0.102571, 0.10782]",0.129456,0.040939,"[null, null, null, null, null, null, null, null, null, null]",
7,FADDIS,10,"[0.214795, 0.128275, 0.152235, 0.163621, 0.130603, 0.21463, 0.231545, 0.215421, 0.146569, 0.156758]",0.175445,0.039337,"[null, null, null, null, null, null, null, null, null, null]",,"[0.318685, 0.285363, 0.294798, 0.277896, 0.287995, 0.300014, 0.316504, 0.297894, 0.274196, 0.291436]",0.294478,0.01466,"[null, null, null, null, null, null, null, null, null, null]",,"[0.276596, 0.340909, 0.181818, 0.340426, 0.266667, 0.15, 0.276596, 0.139535, 0.244444, 0.288889]",0.250588,0.071899,"[null, null, null, null, null, null, null, null, null, null]",,"[14.379542, 12.38551, 15.094632, 13.258409, 13.937081, 14.37256, 14.405932, 15.672934, 13.894624, 13.620025]",14.102125,0.922331,"[null, null, null, null, null, null, null, null, null, null]",
7,SLPA,10,"[0.218307, 0.187426, 0.186462, 0.197497, 0.242632, 0.169092, 0.255904, 0.208703, 0.180676, 0.122164]",0.196886,0.037993,"[0.020961, 0.010993, 0.038476, 0.074915, 0.036227, 0.043177, 0.016085, 0.005293, 0.053113, 0.058648]",0.035789,"[0.336887, 0.271671, 0.228732, 0.268172, 0.299013, 0.174436, 0.342485, 0.280349, 0.209561, 0.176426]",0.258773,0.060247,"[0.018557, 0.073141, 0.056298, 0.156221, 0.072858, 0.103543, 0.021866, 0.079222, 0.079337, 0.133085]",0.079413,"[0.134752, 0.151515, 0.181818, 0.269504, 0.096296, 0.25, 0.078014, 0.139535, 0.214815, 0.340741]",0.185699,0.082693,"[0.012284, 0.034716, 0.141932, 0.266028, 0.05132, 0.25, 0.065001, 0.139535, 0.078042, 0.424167]",0.146303,"[8.623293, 8.356783, 8.641215, 8.707101, 8.46429, 8.50733, 8.629719, 8.565761, 8.761718, 8.449964]",8.570717,0.125617,"[null, null, null, null, null, null, null, null, null, null]",
7,CFinder,10,"[0.147237, 0.112745, 0.116526, 0.151696, 0.145453, 0.119907, 0.149342, 0.114248, 0.15046, 0.111564]",0.131918,0.018048,"[null, null, null, null, null, null, null, null, null, null]",,"[0.264812, 0.239391, 0.249063, 0.247728, 0.277877, 0.207453, 0.293486, 0.238061, 0.263478, 0.229037]",0.251039,0.024876,"[null, null, null, null, null, null, null, null, null, null]",,"[0.255319, 0.386364, 0.090909, 0.148936, 0.2, 0.175, 0.276596, 0.372093, 0.266667, 0.2]",0.237188,0.093703,"[null, null, null, null, null, null, null, null, null, null]",,"[0.12086, 0.104414, 0.121995, 0.114395, 0.131565, 0.118086, 0.118782, 0.120646, 0.119324, 0.103135]",0.11732,0.008376,"[null, null, null, null, null, null, null, null, null, null]",
8,FADDIS,10,"[0.180095, 0.141091, 0.126756, 0.13061, 0.150192, 0.128882, 0.174306, 0.145674, 0.135184, 0.137875]",0.145066,0.018499,"[null, null, null, null, null, null, null, null, null, null]",,"[0.268399, 0.289473, 0.262554, 0.260016, 0.286331, 0.260653, 0.282535, 0.263005, 0.264261, 0.267361]",0.270459,0.011229,"[null, null, null, null, null, null, null, null, null, null]",,"[0.26087, 0.276596, 0.388889, 0.304348, 0.255319, 0.254902, 0.276596, 0.3, 0.26087, 0.26087]",0.283926,0.0409,"[null, null, null, null, null, null, null, null, null, null]",,"[13.916337, 14.035594, 13.690999, 12.766122, 14.054234, 16.183669, 14.418817, 14.096343, 14.279842, 14.10258]",14.154454,0.845414,"[null, null, null, null, null, null, null, null, null, null]",
8,SLPA,10,"[0.064624, 0.174423, 0.204113, 0.159853, 0.126225, 0.128876, 0.076703, 0.179569, 0.187926, 0.156127]",0.145844,0.046514,"[0.06772, 0.042165, 0.023943, 0.033459, 0.018006, 0.066423, 0.067333, 0.039814, 0.021117, 0.02157]",0.040155,"[0.086105, 0.24255, 0.324479, 0.303824, 0.249996, 0.210911, 0.1804, 0.248826, 0.325311, 0.196946]",0.236935,0.07342,"[0.140236, 0.132348, 0.009175, 0.028611, 0.053192, 0.167846, 0.156332, 0.078814, 0.011194, 0.11728]",0.089503,"[0.623188, 0.212766, 0.055556, 0.057971, 0.269504, 0.333333, 0.460993, 0.206667, 0.101449, 0.289855]",0.261128,0.179962,"[0.472462, 0.245374, 0.055556, 0.054709, 0.080552, 0.427343, 0.469212, 0.144684, 0.033207, 0.275267]",0.225836,"[8.49824, 8.398439, 8.433584, 8.707111, 8.495427, 8.464598, 8.290956, 8.446836, 8.642821, 8.548279]",8.492629,0.119075,"[null, null, null, null, null, null, null, null, null, null]",
8,CFinder,10,"[0.087305, 0.134673, 0.125528, 0.082475, 0.102086, 0.083109, 0.102843, 0.108337, 0.113157, 0.131074]",0.107059,0.019235,"[null, null, null, null, null, null, null, null, null, null]",,"[0.254439, 0.303703, 0.32269, 0.218151, 0.24762, 0.248292, 0.266286, 0.30503, 0.279412, 0.237806]",0.268343,0.033588,"[null, null, null, null, null, null, null, null, null, null]",,"[0.130435, 0.191489, 0.166667, 0.130435, 0.106383, 0.176471, 0.255319, 0.08, 0.130435, 0.130435]",0.149807,0.049582,"[null, null, null, null, null, null, null, null, null, null]",,"[0.122844, 0.13241, 0.117424, 0.122085, 0.109874, 0.109523, 0.134357, 0.115109, 0.148025, 0.120364]",0.123202,0.012011,"[null, null, null, null, null, null, null, null, null, null]",
