on,Affinity Design,Variant,#Instances,ONMI Results,Mean ONMI,Sample Std ONMI,Omega Results,Mean Omega,Sample Std Omega,Relative Error |K'-K|/K Results,Mean Relative Error |K'-K|/K,Sample Std Relative Error |K'-K|/K
100,default,001_default_lapin-off_$\gamma0.3$,10,"[0.294075, 0.212918, 0.295786, 0.316189, 0.232474, 0.322303, 0.255635, 0.268891, 0.320108, 0.282616]",0.2801,0.037472,"[0.139562, 0.065637, 0.204283, 0.188764, 0.091323, 0.188407, 0.08423, 0.121962, 0.218518, 0.135166]",0.143785,0.05399,"[0.1, 0.210526, 0.173913, 0.0, 0.047619, 0.130435, 0.086957, 0.05, 0.090909, 0.083333]",0.097369,0.061744
100,default,002_default_lapin-off_$\gamma0.5$,10,"[0.48676, 0.32479, 0.550645, 0.535655, 0.386651, 0.526415, 0.439423, 0.440583, 0.567444, 0.440506]",0.469887,0.0778,"[0.416724, 0.202271, 0.564884, 0.515732, 0.315943, 0.410806, 0.352273, 0.386839, 0.489388, 0.348157]",0.400302,0.10555,"[0.1, 0.210526, 0.173913, 0.0, 0.047619, 0.130435, 0.086957, 0.05, 0.090909, 0.083333]",0.097369,0.061744
100,default,003_default_lapin-off_$\gamma0.6$,10,"[0.563312, 0.394731, 0.638489, 0.647325, 0.473475, 0.582198, 0.552313, 0.517169, 0.651309, 0.519223]",0.553954,0.082069,"[0.544378, 0.313346, 0.675082, 0.637016, 0.453933, 0.507759, 0.527706, 0.507988, 0.600994, 0.46367]",0.523187,0.102953,"[0.1, 0.210526, 0.173913, 0.0, 0.047619, 0.130435, 0.086957, 0.05, 0.090909, 0.083333]",0.097369,0.061744
100,default,004_default_lapin-off_$\gamma0.7$,10,"[0.635018, 0.459149, 0.722922, 0.714034, 0.548224, 0.624537, 0.636409, 0.600173, 0.703129, 0.589986]",0.623358,0.081012,"[0.658602, 0.424428, 0.77669, 0.713748, 0.566521, 0.615471, 0.649898, 0.623997, 0.680837, 0.580103]",0.62903,0.095071,"[0.1, 0.210526, 0.173913, 0.0, 0.047619, 0.130435, 0.086957, 0.05, 0.090909, 0.083333]",0.097369,0.061744
100,default,005_default_lapin-off_$\gamma0.8$,10,"[0.693646, 0.507147, 0.76545, 0.747612, 0.605688, 0.674745, 0.692289, 0.676958, 0.745672, 0.650692]",0.67599,0.076492,"[0.738894, 0.51982, 0.812361, 0.758618, 0.643819, 0.700823, 0.72361, 0.727609, 0.758147, 0.670204]",0.70539,0.080618,"[0.1, 0.210526, 0.173913, 0.0, 0.047619, 0.130435, 0.086957, 0.05, 0.090909, 0.083333]",0.097369,0.061744
100,default,006_default_lapin-off_$\gamma0.9$,10,"[0.723875, 0.547726, 0.794352, 0.750092, 0.666612, 0.702118, 0.734932, 0.719707, 0.785193, 0.708926]",0.713353,0.069483,"[0.77312, 0.616582, 0.818432, 0.766076, 0.6962, 0.717249, 0.761547, 0.774017, 0.807744, 0.713263]",0.744423,0.059932,"[0.1, 0.210526, 0.173913, 0.0, 0.047619, 0.130435, 0.086957, 0.05, 0.090909, 0.083333]",0.097369,0.061744
100,default,007_default_lapin-on_$\gamma0.3$,10,"[0.152724, 0.181751, 0.154837, 0.122461, 0.16286, 0.161482, 0.158451, 0.14017, 0.123289, 0.134946]",0.149297,0.01885,"[0.027045, 0.048461, 0.040925, 0.001877, 0.034918, 0.043077, 0.012673, 0.008092, 0.008131, 0.016903]",0.02421,0.016832,"[0.05, 0.210526, 0.0, 0.142857, 0.0, 0.086957, 0.043478, 0.2, 0.090909, 0.083333]",0.090806,0.074112
100,default,008_default_lapin-on_$\gamma0.5$,10,"[0.280003, 0.284554, 0.329827, 0.190177, 0.284592, 0.321779, 0.254613, 0.234792, 0.223996, 0.239484]",0.264382,0.043926,"[0.184256, 0.219657, 0.258832, 0.117685, 0.174923, 0.281306, 0.155833, 0.137424, 0.145073, 0.141066]",0.181606,0.054857,"[0.05, 0.210526, 0.0, 0.142857, 0.0, 0.086957, 0.043478, 0.2, 0.090909, 0.083333]",0.090806,0.074112
100,default,009_default_lapin-on_$\gamma0.6$,10,"[0.336547, 0.330045, 0.444253, 0.225784, 0.348161, 0.401978, 0.339091, 0.293185, 0.278526, 0.302057]",0.329963,0.061767,"[0.296735, 0.321399, 0.417103, 0.205076, 0.295934, 0.408004, 0.293285, 0.247359, 0.237632, 0.254693]",0.297722,0.069586,"[0.05, 0.210526, 0.0, 0.142857, 0.0, 0.086957, 0.043478, 0.2, 0.090909, 0.083333]",0.090806,0.074112
100,default,010_default_lapin-on_$\gamma0.7$,10,"[0.397512, 0.372588, 0.542856, 0.274729, 0.42445, 0.481266, 0.414316, 0.346956, 0.356825, 0.366875]",0.397837,0.074531,"[0.40802, 0.426663, 0.559869, 0.306878, 0.438382, 0.530659, 0.434925, 0.359828, 0.355334, 0.381673]",0.420223,0.077906,"[0.05, 0.210526, 0.0, 0.142857, 0.0, 0.086957, 0.043478, 0.2, 0.090909, 0.083333]",0.090806,0.074112
100,default,011_default_lapin-on_$\gamma0.8$,10,"[0.437334, 0.430353, 0.620503, 0.289075, 0.486785, 0.542396, 0.476564, 0.410725, 0.400161, 0.42819]",0.452209,0.088546,"[0.501905, 0.510992, 0.652849, 0.379795, 0.544346, 0.597747, 0.542951, 0.466926, 0.455314, 0.490113]",0.514294,0.076338,"[0.05, 0.210526, 0.0, 0.142857, 0.0, 0.086957, 0.043478, 0.2, 0.090909, 0.083333]",0.090806,0.074112
100,default,012_default_lapin-on_$\gamma0.9$,10,"[0.499007, 0.466602, 0.68708, 0.318351, 0.551913, 0.59052, 0.56137, 0.43844, 0.448588, 0.487522]",0.504939,0.100062,"[0.570726, 0.555885, 0.711795, 0.434308, 0.608541, 0.638112, 0.635935, 0.524744, 0.524094, 0.564391]",0.576853,0.076672,"[0.05, 0.210526, 0.0, 0.142857, 0.0, 0.086957, 0.043478, 0.2, 0.090909, 0.083333]",0.090806,0.074112
200,default,001_default_lapin-off_$\gamma0.3$,10,"[0.188508, 0.252971, 0.261231, 0.182159, 0.158921, 0.303267, 0.200619, 0.22348, 0.17715, 0.154773]",0.210308,0.048778,"[0.081916, 0.150639, 0.16156, 0.088345, 0.048422, 0.237938, 0.077406, 0.114911, 0.081132, 0.042733]",0.1085,0.059768,"[0.0, 0.0, 0.125, 0.037037, 0.038462, 0.083333, 0.076923, 0.173913, 0.0, 0.08]",0.061467,0.057929
200,default,002_default_lapin-off_$\gamma0.5$,10,"[0.348583, 0.451284, 0.501247, 0.37055, 0.272259, 0.541062, 0.374678, 0.369478, 0.367689, 0.33173]",0.392856,0.081224,"[0.319606, 0.45886, 0.5039, 0.353134, 0.227891, 0.567672, 0.303307, 0.329932, 0.31258, 0.245227]",0.362211,0.111669,"[0.0, 0.0, 0.125, 0.037037, 0.038462, 0.083333, 0.076923, 0.173913, 0.0, 0.08]",0.061467,0.057929
200,default,003_default_lapin-off_$\gamma0.6$,10,"[0.426326, 0.518455, 0.59776, 0.457233, 0.353629, 0.622815, 0.439567, 0.450809, 0.443797, 0.398907]",0.47093,0.084763,"[0.429555, 0.561317, 0.639503, 0.459375, 0.341966, 0.654465, 0.403204, 0.441578, 0.417484, 0.37247]",0.472092,0.108901,"[0.0, 0.0, 0.125, 0.037037, 0.038462, 0.083333, 0.076923, 0.173913, 0.0, 0.08]",0.061467,0.057929
200,default,004_default_lapin-off_$\gamma0.7$,10,"[0.50262, 0.565697, 0.676303, 0.529693, 0.401056, 0.676663, 0.503301, 0.526282, 0.508219, 0.470969]",0.53608,0.085558,"[0.526187, 0.637478, 0.73247, 0.551144, 0.457004, 0.708179, 0.508508, 0.532443, 0.51994, 0.481808]",0.565516,0.094493,"[0.0, 0.0, 0.125, 0.037037, 0.038462, 0.083333, 0.076923, 0.173913, 0.0, 0.08]",0.061467,0.057929
200,default,005_default_lapin-off_$\gamma0.8$,10,"[0.548919, 0.62027, 0.729956, 0.583428, 0.449633, 0.720045, 0.562887, 0.579089, 0.555433, 0.504083]",0.585374,0.086965,"[0.584245, 0.678037, 0.761994, 0.607275, 0.518624, 0.729319, 0.583264, 0.595864, 0.588848, 0.550868]",0.619834,0.078088,"[0.0, 0.0, 0.125, 0.037037, 0.038462, 0.083333, 0.076923, 0.173913, 0.0, 0.08]",0.061467,0.057929
200,default,006_default_lapin-off_$\gamma0.9$,10,"[0.569381, 0.621042, 0.737197, 0.623952, 0.511414, 0.708336, 0.595315, 0.609742, 0.607175, 0.5143]",0.609785,0.072201,"[0.601437, 0.679426, 0.753617, 0.655531, 0.553158, 0.73098, 0.623561, 0.623924, 0.629999, 0.566748]",0.641838,0.064954,"[0.0, 0.0, 0.125, 0.037037, 0.038462, 0.083333, 0.076923, 0.173913, 0.0, 0.08]",0.061467,0.057929
200,default,007_default_lapin-on_$\gamma0.3$,10,"[0.122657, 0.174755, 0.108822, 0.111903, 0.09672, 0.15095, 0.10078, 0.162902, 0.129205, 0.129663]",0.128836,0.026464,"[0.014749, 0.052516, 0.003144, 0.041348, 0.010331, 0.041215, 0.02245, 0.04198, 0.02464, 0.025045]",0.027742,0.016004,"[0.0, 0.190476, 0.083333, 0.111111, 0.038462, 0.041667, 0.153846, 0.130435, 0.192308, 0.08]",0.102164,0.065385
200,default,008_default_lapin-on_$\gamma0.5$,10,"[0.203281, 0.289426, 0.169545, 0.254012, 0.206782, 0.266283, 0.160327, 0.34255, 0.233054, 0.240725]",0.236599,0.05532,"[0.151364, 0.235741, 0.098317, 0.221255, 0.172177, 0.218493, 0.161281, 0.30437, 0.190233, 0.185172]",0.19384,0.055656,"[0.0, 0.190476, 0.083333, 0.111111, 0.038462, 0.041667, 0.153846, 0.130435, 0.192308, 0.08]",0.102164,0.065385
200,default,009_default_lapin-on_$\gamma0.6$,10,"[0.258641, 0.327246, 0.208749, 0.323801, 0.285514, 0.339551, 0.222789, 0.430623, 0.286738, 0.311555]",0.299521,0.063641,"[0.244641, 0.325764, 0.174164, 0.309462, 0.2892, 0.325719, 0.248979, 0.450452, 0.296929, 0.303434]",0.296874,0.071175,"[0.0, 0.190476, 0.083333, 0.111111, 0.038462, 0.041667, 0.153846, 0.130435, 0.192308, 0.08]",0.102164,0.065385
200,default,010_default_lapin-on_$\gamma0.7$,10,"[0.302297, 0.375278, 0.256202, 0.396721, 0.345702, 0.411127, 0.294484, 0.520823, 0.348642, 0.386064]",0.363734,0.074034,"[0.346318, 0.406182, 0.264913, 0.422561, 0.387839, 0.422232, 0.340656, 0.563816, 0.381449, 0.414236]",0.39502,0.076722,"[0.0, 0.190476, 0.083333, 0.111111, 0.038462, 0.041667, 0.153846, 0.130435, 0.192308, 0.08]",0.102164,0.065385
200,default,011_default_lapin-on_$\gamma0.8$,10,"[0.356166, 0.396468, 0.294491, 0.448987, 0.407999, 0.467504, 0.351154, 0.577772, 0.391002, 0.448414]",0.413996,0.077847,"[0.43344, 0.461246, 0.358351, 0.489237, 0.453418, 0.504824, 0.412387, 0.61133, 0.445473, 0.489916]",0.465962,0.066554,"[0.0, 0.190476, 0.083333, 0.111111, 0.038462, 0.041667, 0.153846, 0.130435, 0.192308, 0.08]",0.102164,0.065385
200,default,012_default_lapin-on_$\gamma0.9$,10,"[0.396689, 0.407557, 0.369309, 0.47496, 0.464129, 0.4995, 0.387831, 0.619188, 0.393603, 0.489501]",0.450227,0.075761,"[0.502761, 0.48504, 0.428867, 0.535263, 0.480831, 0.547983, 0.44763, 0.639015, 0.47866, 0.529086]",0.507514,0.059637,"[0.0, 0.190476, 0.083333, 0.111111, 0.038462, 0.041667, 0.153846, 0.130435, 0.192308, 0.08]",0.102164,0.065385
300,default,001_default_lapin-off_$\gamma0.3$,10,"[0.186687, 0.149941, 0.147939, 0.248954, 0.169021, 0.21764, 0.169851, 0.201857, 0.24858, 0.141139]",0.188161,0.039995,"[0.087755, 0.037702, 0.080587, 0.166054, 0.084253, 0.123311, 0.057927, 0.077597, 0.162191, 0.060444]",0.093782,0.043308,"[0.16, 0.0, 0.142857, 0.08, 0.148148, 0.0, 0.074074, 0.083333, 0.0, 0.0]",0.068841,0.066162
300,default,002_default_lapin-off_$\gamma0.5$,10,"[0.307527, 0.228642, 0.300767, 0.407713, 0.295241, 0.403021, 0.297659, 0.379287, 0.483929, 0.307615]",0.34114,0.075013,"[0.321547, 0.189456, 0.294795, 0.389126, 0.270864, 0.390032, 0.23767, 0.346097, 0.50647, 0.276957]",0.322301,0.090558,"[0.16, 0.0, 0.142857, 0.08, 0.148148, 0.0, 0.074074, 0.083333, 0.0, 0.0]",0.068841,0.066162
300,default,003_default_lapin-off_$\gamma0.6$,10,"[0.392523, 0.268609, 0.373755, 0.467697, 0.370877, 0.479906, 0.326875, 0.460308, 0.576107, 0.370895]",0.408755,0.08813,"[0.423682, 0.282269, 0.388731, 0.475404, 0.373442, 0.519022, 0.335484, 0.457958, 0.600464, 0.391684]",0.424814,0.092331,"[0.16, 0.0, 0.142857, 0.08, 0.148148, 0.0, 0.074074, 0.083333, 0.0, 0.0]",0.068841,0.066162
300,default,004_default_lapin-off_$\gamma0.7$,10,"[0.467671, 0.314733, 0.43345, 0.532587, 0.438835, 0.551804, 0.375065, 0.519869, 0.631371, 0.442919]",0.47083,0.091467,"[0.499783, 0.364294, 0.471717, 0.547518, 0.459147, 0.597527, 0.425014, 0.541827, 0.643867, 0.471792]",0.502249,0.082644,"[0.16, 0.0, 0.142857, 0.08, 0.148148, 0.0, 0.074074, 0.083333, 0.0, 0.0]",0.068841,0.066162
300,default,005_default_lapin-off_$\gamma0.8$,10,"[0.496919, 0.351396, 0.495626, 0.572379, 0.490092, 0.602784, 0.41609, 0.569181, 0.649634, 0.493983]",0.513808,0.088418,"[0.539694, 0.440331, 0.514598, 0.586644, 0.507229, 0.622063, 0.489977, 0.595293, 0.660397, 0.520613]",0.547684,0.067002,"[0.16, 0.0, 0.142857, 0.08, 0.148148, 0.0, 0.074074, 0.083333, 0.0, 0.0]",0.068841,0.066162
300,default,006_default_lapin-off_$\gamma0.9$,10,"[0.471807, 0.411556, 0.47979, 0.561799, 0.513877, 0.586838, 0.426999, 0.547283, 0.622786, 0.505983]",0.512872,0.067986,"[0.556952, 0.472502, 0.524228, 0.580749, 0.541882, 0.61468, 0.514354, 0.596966, 0.641571, 0.5371]",0.558098,0.050865,"[0.16, 0.0, 0.142857, 0.08, 0.148148, 0.0, 0.074074, 0.083333, 0.0, 0.0]",0.068841,0.066162
300,default,007_default_lapin-on_$\gamma0.3$,10,"[0.115926, 0.118307, 0.095069, 0.127493, 0.093137, 0.087374, 0.11807, 0.115642, 0.139522, 0.118217]",0.112876,0.016271,"[0.019625, 0.041549, 0.025217, 0.027437, 0.028673, 0.016929, 0.016085, 0.008412, 0.037935, 0.033038]",0.02549,0.01039,"[0.04, 0.041667, 0.035714, 0.0, 0.074074, 0.037037, 0.0, 0.083333, 0.0, 0.115385]",0.042721,0.038698
300,default,008_default_lapin-on_$\gamma0.5$,10,"[0.229049, 0.190564, 0.170108, 0.176677, 0.174994, 0.162966, 0.220808, 0.16416, 0.279494, 0.257031]",0.202585,0.04162,"[0.169748, 0.184356, 0.167657, 0.16981, 0.168831, 0.157175, 0.183894, 0.137285, 0.255138, 0.211021]",0.180492,0.03244,"[0.04, 0.041667, 0.035714, 0.0, 0.074074, 0.037037, 0.0, 0.083333, 0.0, 0.115385]",0.042721,0.038698
300,default,009_default_lapin-on_$\gamma0.6$,10,"[0.26004, 0.23307, 0.23427, 0.23118, 0.230467, 0.20875, 0.28789, 0.200581, 0.35513, 0.322908]",0.256429,0.050448,"[0.264728, 0.266872, 0.27222, 0.260491, 0.265947, 0.255035, 0.302765, 0.232381, 0.373966, 0.327207]",0.282161,0.041452,"[0.04, 0.041667, 0.035714, 0.0, 0.074074, 0.037037, 0.0, 0.083333, 0.0, 0.115385]",0.042721,0.038698
300,default,010_default_lapin-on_$\gamma0.7$,10,"[0.295928, 0.280177, 0.311344, 0.279185, 0.264218, 0.285606, 0.345322, 0.272237, 0.408486, 0.381584]",0.312409,0.049631,"[0.347542, 0.347213, 0.369264, 0.350608, 0.344868, 0.351208, 0.400833, 0.335633, 0.442972, 0.41836]",0.37085,0.036777,"[0.04, 0.041667, 0.035714, 0.0, 0.074074, 0.037037, 0.0, 0.083333, 0.0, 0.115385]",0.042721,0.038698
300,default,011_default_lapin-on_$\gamma0.8$,10,"[0.354486, 0.30338, 0.356066, 0.310659, 0.311855, 0.341023, 0.438963, 0.320872, 0.455027, 0.427063]",0.361939,0.057369,"[0.420106, 0.383812, 0.431052, 0.407426, 0.395638, 0.40904, 0.487339, 0.404969, 0.485515, 0.468032]",0.429293,0.037712,"[0.04, 0.041667, 0.035714, 0.0, 0.074074, 0.037037, 0.0, 0.083333, 0.0, 0.115385]",0.042721,0.038698
300,default,012_default_lapin-on_$\gamma0.9$,10,"[0.328777, 0.327119, 0.402308, 0.363448, 0.335325, 0.374089, 0.467217, 0.319791, 0.456639, 0.47372]",0.384843,0.061352,"[0.442888, 0.396614, 0.441482, 0.421121, 0.425515, 0.425397, 0.523239, 0.43348, 0.517121, 0.487689]",0.451455,0.042887,"[0.04, 0.041667, 0.035714, 0.0, 0.074074, 0.037037, 0.0, 0.083333, 0.0, 0.115385]",0.042721,0.038698
400,default,001_default_lapin-off_$\gamma0.3$,10,"[0.139613, 0.103873, 0.126057, 0.113116, 0.106828, 0.154268, 0.110469, 0.101671, 0.137527, 0.116603]",0.121002,0.017676,"[0.058555, 0.035363, 0.039178, 0.048856, 0.021465, 0.053047, 0.034683, 0.023652, 0.061415, 0.051354]",0.042757,0.014007,"[0.035714, 0.111111, 0.107143, 0.0625, 0.034483, 0.037037, 0.066667, 0.148148, 0.066667, 0.133333]",0.08028,0.041811
400,default,002_default_lapin-off_$\gamma0.5$,10,"[0.284443, 0.213227, 0.207269, 0.207531, 0.193577, 0.265176, 0.19261, 0.159379, 0.276262, 0.232982]",0.223246,0.040701,"[0.280196, 0.203674, 0.180895, 0.230558, 0.176268, 0.256313, 0.190584, 0.169608, 0.28664, 0.248363]",0.22231,0.043917,"[0.035714, 0.111111, 0.107143, 0.0625, 0.034483, 0.037037, 0.066667, 0.148148, 0.066667, 0.133333]",0.08028,0.041811
400,default,003_default_lapin-off_$\gamma0.6$,10,"[0.362351, 0.256945, 0.23376, 0.283077, 0.225438, 0.345992, 0.244652, 0.201697, 0.380247, 0.308818]",0.284298,0.062244,"[0.386705, 0.288331, 0.254363, 0.320435, 0.272821, 0.360699, 0.288319, 0.256915, 0.401326, 0.354928]",0.318484,0.054199,"[0.035714, 0.111111, 0.107143, 0.0625, 0.034483, 0.037037, 0.066667, 0.148148, 0.066667, 0.133333]",0.08028,0.041811
400,default,004_default_lapin-off_$\gamma0.7$,10,"[0.423039, 0.328766, 0.241177, 0.317555, 0.310905, 0.398368, 0.319776, 0.246673, 0.437214, 0.372553]",0.339603,0.067637,"[0.45114, 0.369804, 0.32259, 0.384195, 0.366728, 0.439371, 0.372274, 0.334448, 0.482705, 0.429878]",0.395313,0.05271,"[0.035714, 0.111111, 0.107143, 0.0625, 0.034483, 0.037037, 0.066667, 0.148148, 0.066667, 0.133333]",0.08028,0.041811
400,default,005_default_lapin-off_$\gamma0.8$,10,"[0.466174, 0.352217, 0.29579, 0.335718, 0.364286, 0.449525, 0.384034, 0.281478, 0.477225, 0.382103]",0.378855,0.067903,"[0.492863, 0.409662, 0.383201, 0.427625, 0.426556, 0.481499, 0.443372, 0.377059, 0.508227, 0.454019]",0.440408,0.044497,"[0.035714, 0.111111, 0.107143, 0.0625, 0.034483, 0.037037, 0.066667, 0.148148, 0.066667, 0.133333]",0.08028,0.041811
400,default,006_default_lapin-off_$\gamma0.9$,10,"[0.439352, 0.336142, 0.269182, 0.377708, 0.366393, 0.43598, 0.38732, 0.269903, 0.449556, 0.351516]",0.368305,0.064556,"[0.484751, 0.409483, 0.396809, 0.443631, 0.432962, 0.484666, 0.462436, 0.387527, 0.5018, 0.452002]",0.445607,0.039105,"[0.035714, 0.111111, 0.107143, 0.0625, 0.034483, 0.037037, 0.066667, 0.148148, 0.066667, 0.133333]",0.08028,0.041811
400,default,007_default_lapin-on_$\gamma0.3$,10,"[0.087156, 0.070391, 0.10034, 0.073029, 0.103777, 0.106586, 0.067948, 0.081306, 0.092718, 0.05269]",0.083594,0.017649,"[0.028091, -0.00058, 0.019998, 0.012664, 0.018243, 0.021232, 0.011523, 0.006079, 0.023397, 0.014842]",0.015549,0.008519,"[0.107143, 0.037037, 0.071429, 0.21875, 0.103448, 0.111111, 0.066667, 0.111111, 0.2, 0.2]",0.12267,0.062507
400,default,008_default_lapin-on_$\gamma0.5$,10,"[0.128699, 0.055411, 0.118329, 0.098686, 0.181199, 0.16127, 0.138867, 0.123032, 0.135035, 0.073104]",0.121363,0.037896,"[0.164072, 0.084411, 0.147829, 0.12335, 0.169308, 0.175563, 0.157657, 0.126944, 0.145538, 0.125914]",0.142059,0.027489,"[0.107143, 0.037037, 0.071429, 0.21875, 0.103448, 0.111111, 0.066667, 0.111111, 0.2, 0.2]",0.12267,0.062507
400,default,009_default_lapin-on_$\gamma0.6$,10,"[0.178891, 0.081871, 0.163571, 0.136804, 0.204965, 0.231654, 0.192677, 0.144255, 0.159559, 0.105224]",0.159947,0.045319,"[0.247831, 0.145087, 0.2365, 0.200014, 0.253234, 0.272391, 0.25181, 0.209124, 0.231348, 0.193938]",0.224128,0.037528,"[0.107143, 0.037037, 0.071429, 0.21875, 0.103448, 0.111111, 0.066667, 0.111111, 0.2, 0.2]",0.12267,0.062507
400,default,010_default_lapin-on_$\gamma0.7$,10,"[0.205484, 0.116668, 0.172764, 0.15918, 0.236554, 0.272741, 0.24131, 0.204721, 0.181899, 0.161609]",0.195293,0.04633,"[0.30532, 0.204603, 0.289304, 0.266248, 0.307264, 0.342461, 0.333812, 0.289207, 0.299481, 0.239578]",0.287728,0.041691,"[0.107143, 0.037037, 0.071429, 0.21875, 0.103448, 0.111111, 0.066667, 0.111111, 0.2, 0.2]",0.12267,0.062507
400,default,011_default_lapin-on_$\gamma0.8$,10,"[0.257132, 0.113662, 0.195609, 0.162988, 0.248424, 0.319806, 0.308872, 0.234529, 0.194886, 0.147256]",0.218316,0.067745,"[0.341446, 0.235295, 0.313682, 0.3162, 0.342756, 0.380891, 0.385804, 0.335007, 0.333965, 0.265422]",0.325047,0.046415,"[0.107143, 0.037037, 0.071429, 0.21875, 0.103448, 0.111111, 0.066667, 0.111111, 0.2, 0.2]",0.12267,0.062507
400,default,012_default_lapin-on_$\gamma0.9$,10,"[0.259351, 0.145106, 0.182846, 0.164641, 0.252223, 0.297974, 0.306387, 0.227229, 0.206835, 0.145119]",0.218771,0.05963,"[0.344776, 0.238873, 0.313227, 0.324789, 0.351196, 0.39299, 0.384931, 0.324988, 0.35247, 0.25963]",0.328787,0.04914,"[0.107143, 0.037037, 0.071429, 0.21875, 0.103448, 0.111111, 0.066667, 0.111111, 0.2, 0.2]",0.12267,0.062507
