Cluster,Contribution,Eigenvalue,Intensity,Weight,Assigned Nodes
0,1.7557,5.5211,2.2506,5.0652,23
I,1.6269,5.3057,2.2081,4.8758,24
II,1.0747,5.1588,1.9907,3.9629,55
III,0.873,4.5978,1.8899,3.5717,78
IV,0.6719,4.8747,1.7702,3.1335,87
V,0.7328,4.6658,1.809,3.2724,53
VI,0.617,3.5351,1.7328,3.0026,31
VII,0.473,1.8572,1.6214,2.6291,55
VIII,0.5845,4.2538,1.7096,2.9226,77
IX,0.511,3.1359,1.6531,2.7327,38
X,0.467,3.0181,1.6162,2.6122,79
XI,0.4305,3.6695,1.5837,2.5081,69
XII,0.3551,3.2954,1.5093,2.2779,82
XIII,0.3513,2.478,1.5052,2.2658,23
XIV,0.3426,4.5284,1.4958,2.2374,45
XV,0.3378,4.1825,1.4906,2.2219,94
XVI,0.3594,2.7741,1.5138,2.2916,56
XVII,0.2776,2.0327,1.4191,2.0139,3
XVIII,0.2455,3.8531,1.3763,1.8941,85
XIX,0.2257,3.1862,1.3476,1.8159,43
XX,0.2124,3.6401,1.3274,1.7619,68
XXI,0.3017,3.4614,1.449,2.0997,77
XXII,0.1659,1.8271,1.2478,1.5571,11
XXIII,0.1316,3.0481,1.1777,1.3869,55
XXIV,0.1139,1.5753,1.1358,1.29,15
XXV,0.1029,1.6262,1.1074,1.2264,32
XXVI,0.0914,1.7499,1.075,1.1555,12
XXVII,0.0714,4.4335,1.0107,1.0215,58
XXVIII,0.0384,1.6305,0.8653,0.7487,27
XXIX,0.035,1.0,0.8459,0.7155,30
XXX,0.0328,1.5548,0.8322,0.6926,40
XXXI,0.0247,4.3311,0.7751,0.6008,61
XXXII,0.0261,1.5276,0.7858,0.6174,46
XXXIII,0.0183,1.6116,0.7193,0.5173,48
XXXIV,0.0177,0.687,0.7135,0.5091,9
XXXV,0.0159,1.4742,0.6947,0.4826,69
XXXVI,0.0133,4.8882,0.6639,0.4407,73
XXXVII,0.012,0.724,0.647,0.4186,16
XXXVIII,0.0108,3.9282,0.6296,0.3964,71
XXXIX,0.0111,1.5191,0.6342,0.4023,51
XL,0.0079,2.344,0.582,0.3387,40
XLI,0.0076,0.6863,0.5771,0.3331,6
XLII,0.0066,3.7303,0.5573,0.3106,66
XLIII,0.0056,0.6608,0.5348,0.286,3
XLIV,0.002,0.7506,0.4127,0.1703,38
XLV,0.0012,3.994,0.362,0.1311,61
XLVI,0.0061,3.9243,0.5473,0.2996,63
XLVII,0.0024,3.7599,0.4347,0.1889,39
XLVIII,0.0021,2.8563,0.4164,0.1734,48
