ID,Network Family,Network,Overlapping?,Affinity Design,Execution Mode,Laplacian,Stop Condition,Gamma,C0 discarded?,K' | K,|K'-K|/K,ONMI,Omega,Modularity,Conductance,Fuzzy-Modularity,Conductance-BN,FADDIS Runtime
001,network_family_04,facebook-network-ego686,Yes,Default,LAPIN-off,-,W,0.3,Yes,13 | 14,0.071429,0.107054,0.017822,,,0.024439,0.112503,0.399214
002,network_family_04,facebook-network-ego686,Yes,Default,LAPIN-off,-,W,0.5,Yes,13 | 14,0.071429,0.109195,0.044487,,,0.024439,0.143554,0.399214
003,network_family_04,facebook-network-ego686,Yes,Default,LAPIN-off,-,W,0.6,Yes,13 | 14,0.071429,0.101395,0.037601,,,0.024439,0.159486,0.399214
004,network_family_04,facebook-network-ego686,Yes,Default,LAPIN-off,-,W,0.7,Yes,13 | 14,0.071429,0.105261,0.026383,,,0.024439,0.162950,0.399214
005,network_family_04,facebook-network-ego686,Yes,Default,LAPIN-off,-,W,0.8,Yes,13 | 14,0.071429,0.110002,0.008206,,,0.024439,0.169715,0.399214
006,network_family_04,facebook-network-ego686,Yes,Default,LAPIN-off,-,W,0.9,Yes,13 | 14,0.071429,0.098472,0.005364,,,0.024439,0.203387,0.399214
007,network_family_04,facebook-network-ego686,Yes,Default,LAPIN-on,Lsym,desiredK,0.3,No,14 | 14,0,0.132139,0.047642,,,0.016754,0,0.558868
008,network_family_04,facebook-network-ego686,Yes,Default,LAPIN-on,Lsym,desiredK,0.5,No,14 | 14,0,0.115385,0.047715,,,0.016754,0,0.558868
009,network_family_04,facebook-network-ego686,Yes,Default,LAPIN-on,Lsym,desiredK,0.6,No,14 | 14,0,0.104480,0.040436,,,0.016754,0,0.558868
010,network_family_04,facebook-network-ego686,Yes,Default,LAPIN-on,Lsym,desiredK,0.7,No,14 | 14,0,0.097563,0.035585,,,0.016754,0,0.558868
011,network_family_04,facebook-network-ego686,Yes,Default,LAPIN-on,Lsym,desiredK,0.8,No,14 | 14,0,0.093296,0.029832,,,0.016754,0,0.558868
012,network_family_04,facebook-network-ego686,Yes,Default,LAPIN-on,Lsym,desiredK,0.9,No,14 | 14,0,0.106044,0.025805,,,0.016754,0,0.558868
