Variant,Affinity Design,n,mu,on,om,inst,ONMI,Omega,|K'-K|/K,FADDIS Runtime
001_default_lapin-off_$\gamma0.3$,default,1000,0.4,200,2,1,0.22284,0.124476,0.0,36.652058
001_default_lapin-off_$\gamma0.3$,default,1000,0.4,200,2,2,0.250686,0.141534,0.0,38.416249
002_default_lapin-off_$\gamma0.5$,default,1000,0.4,200,2,1,0.405051,0.376402,0.0,36.652058
002_default_lapin-off_$\gamma0.5$,default,1000,0.4,200,2,2,0.429915,0.412578,0.0,38.416249
003_default_lapin-off_$\gamma0.6$,default,1000,0.4,200,2,1,0.488145,0.492706,0.0,36.652058
003_default_lapin-off_$\gamma0.6$,default,1000,0.4,200,2,2,0.504241,0.517111,0.0,38.416249
004_default_lapin-off_$\gamma0.7$,default,1000,0.4,200,2,1,0.548212,0.585363,0.0,36.652058
004_default_lapin-off_$\gamma0.7$,default,1000,0.4,200,2,2,0.572671,0.598315,0.0,38.416249
005_default_lapin-off_$\gamma0.8$,default,1000,0.4,200,2,1,0.599489,0.647306,0.0,36.652058
005_default_lapin-off_$\gamma0.8$,default,1000,0.4,200,2,2,0.625273,0.656066,0.0,38.416249
006_default_lapin-off_$\gamma0.9$,default,1000,0.4,200,2,1,0.616277,0.66686,0.0,36.652058
006_default_lapin-off_$\gamma0.9$,default,1000,0.4,200,2,2,0.637506,0.678174,0.0,38.416249
007_default_lapin-on_$\gamma0.3$,default,1000,0.4,200,2,1,0.121921,0.024421,0.0,40.254404
007_default_lapin-on_$\gamma0.3$,default,1000,0.4,200,2,2,0.124265,0.034674,0.0,41.557265
008_default_lapin-on_$\gamma0.5$,default,1000,0.4,200,2,1,0.207268,0.179329,0.0,40.254404
008_default_lapin-on_$\gamma0.5$,default,1000,0.4,200,2,2,0.240569,0.206069,0.0,41.557265
009_default_lapin-on_$\gamma0.6$,default,1000,0.4,200,2,1,0.270567,0.275395,0.0,40.254404
009_default_lapin-on_$\gamma0.6$,default,1000,0.4,200,2,2,0.29959,0.313369,0.0,41.557265
010_default_lapin-on_$\gamma0.7$,default,1000,0.4,200,2,1,0.340259,0.356301,0.0,40.254404
010_default_lapin-on_$\gamma0.7$,default,1000,0.4,200,2,2,0.349146,0.413248,0.0,41.557265
011_default_lapin-on_$\gamma0.8$,default,1000,0.4,200,2,1,0.388432,0.430494,0.0,40.254404
011_default_lapin-on_$\gamma0.8$,default,1000,0.4,200,2,2,0.395243,0.489537,0.0,41.557265
012_default_lapin-on_$\gamma0.9$,default,1000,0.4,200,2,1,0.41911,0.477939,0.0,40.254404
012_default_lapin-on_$\gamma0.9$,default,1000,0.4,200,2,2,0.448803,0.522296,0.0,41.557265
001_default_lapin-off_$\gamma0.3$,default,2000,0.4,400,2,1,0.1015,0.048381,0.170213,696.054921
001_default_lapin-off_$\gamma0.3$,default,2000,0.4,400,2,2,0.139451,0.10089,0.021277,800.906091
002_default_lapin-off_$\gamma0.5$,default,2000,0.4,400,2,1,0.267909,0.237221,0.170213,696.054921
002_default_lapin-off_$\gamma0.5$,default,2000,0.4,400,2,2,0.391543,0.398293,0.021277,800.906091
003_default_lapin-off_$\gamma0.6$,default,2000,0.4,400,2,1,0.351646,0.350719,0.170213,696.054921
003_default_lapin-off_$\gamma0.6$,default,2000,0.4,400,2,2,0.506518,0.531486,0.021277,800.906091
004_default_lapin-off_$\gamma0.7$,default,2000,0.4,400,2,1,0.452354,0.457834,0.170213,696.054921
004_default_lapin-off_$\gamma0.7$,default,2000,0.4,400,2,2,0.59782,0.607,0.021277,800.906091
005_default_lapin-off_$\gamma0.8$,default,2000,0.4,400,2,1,0.50205,0.532943,0.170213,696.054921
005_default_lapin-off_$\gamma0.8$,default,2000,0.4,400,2,2,0.654402,0.655552,0.021277,800.906091
006_default_lapin-off_$\gamma0.9$,default,2000,0.4,400,2,1,0.508803,0.574978,0.170213,696.054921
006_default_lapin-off_$\gamma0.9$,default,2000,0.4,400,2,2,0.654211,0.681923,0.021277,800.906091
007_default_lapin-on_$\gamma0.3$,default,2000,0.4,400,2,1,0.041321,0.003769,0.12766,1030.502067
007_default_lapin-on_$\gamma0.3$,default,2000,0.4,400,2,2,0.022776,0.006606,0.340426,801.004627
008_default_lapin-on_$\gamma0.5$,default,2000,0.4,400,2,1,0.124233,0.115568,0.12766,1030.502067
008_default_lapin-on_$\gamma0.5$,default,2000,0.4,400,2,2,0.064854,0.087514,0.340426,801.004627
009_default_lapin-on_$\gamma0.6$,default,2000,0.4,400,2,1,0.219865,0.223278,0.12766,1030.502067
009_default_lapin-on_$\gamma0.6$,default,2000,0.4,400,2,2,0.115681,0.163825,0.340426,801.004627
010_default_lapin-on_$\gamma0.7$,default,2000,0.4,400,2,1,0.320021,0.357673,0.12766,1030.502067
010_default_lapin-on_$\gamma0.7$,default,2000,0.4,400,2,2,0.184497,0.258967,0.340426,801.004627
011_default_lapin-on_$\gamma0.8$,default,2000,0.4,400,2,1,0.413783,0.477793,0.12766,1030.502067
011_default_lapin-on_$\gamma0.8$,default,2000,0.4,400,2,2,0.229895,0.350223,0.340426,801.004627
012_default_lapin-on_$\gamma0.9$,default,2000,0.4,400,2,1,0.446909,0.541195,0.12766,1030.502067
012_default_lapin-on_$\gamma0.9$,default,2000,0.4,400,2,2,0.271265,0.413134,0.340426,801.004627
001_default_lapin-off_$\gamma0.3$,default,3000,0.4,600,2,1,0.016974,0.042255,0.391304,2420.122346
001_default_lapin-off_$\gamma0.3$,default,3000,0.4,600,2,2,0.036516,0.037603,0.220588,7794.578491
002_default_lapin-off_$\gamma0.5$,default,3000,0.4,600,2,1,0.155582,0.177816,0.391304,2420.122346
002_default_lapin-off_$\gamma0.5$,default,3000,0.4,600,2,2,0.162238,0.174651,0.220588,7794.578491
003_default_lapin-off_$\gamma0.6$,default,3000,0.4,600,2,1,0.23755,0.267688,0.391304,2420.122346
003_default_lapin-off_$\gamma0.6$,default,3000,0.4,600,2,2,0.240934,0.278501,0.220588,7794.578491
004_default_lapin-off_$\gamma0.7$,default,3000,0.4,600,2,1,0.301165,0.349641,0.391304,2420.122346
004_default_lapin-off_$\gamma0.7$,default,3000,0.4,600,2,2,0.348879,0.388321,0.220588,7794.578491
005_default_lapin-off_$\gamma0.8$,default,3000,0.4,600,2,1,0.355931,0.415427,0.391304,2420.122346
005_default_lapin-off_$\gamma0.8$,default,3000,0.4,600,2,2,0.435442,0.492931,0.220588,7794.578491
006_default_lapin-off_$\gamma0.9$,default,3000,0.4,600,2,1,0.357897,0.469947,0.391304,2420.122346
006_default_lapin-off_$\gamma0.9$,default,3000,0.4,600,2,2,0.503443,0.562916,0.220588,7794.578491
007_default_lapin-on_$\gamma0.3$,default,3000,0.4,600,2,1,0.0,0.003441,0.391304,3607.303961
007_default_lapin-on_$\gamma0.3$,default,3000,0.4,600,2,2,0.0,0.004367,0.470588,7239.030565
008_default_lapin-on_$\gamma0.5$,default,3000,0.4,600,2,1,0.0,0.04712,0.391304,3607.303961
008_default_lapin-on_$\gamma0.5$,default,3000,0.4,600,2,2,0.01961,0.065388,0.470588,7239.030565
009_default_lapin-on_$\gamma0.6$,default,3000,0.4,600,2,1,0.0,0.092241,0.391304,3607.303961
009_default_lapin-on_$\gamma0.6$,default,3000,0.4,600,2,2,0.029552,0.123729,0.470588,7239.030565
010_default_lapin-on_$\gamma0.7$,default,3000,0.4,600,2,1,0.009898,0.149985,0.391304,3607.303961
010_default_lapin-on_$\gamma0.7$,default,3000,0.4,600,2,2,0.091631,0.194376,0.470588,7239.030565
011_default_lapin-on_$\gamma0.8$,default,3000,0.4,600,2,1,0.061024,0.219076,0.391304,3607.303961
011_default_lapin-on_$\gamma0.8$,default,3000,0.4,600,2,2,0.126342,0.267784,0.470588,7239.030565
012_default_lapin-on_$\gamma0.9$,default,3000,0.4,600,2,1,0.126027,0.283023,0.391304,3607.303961
012_default_lapin-on_$\gamma0.9$,default,3000,0.4,600,2,2,0.162789,0.328361,0.470588,7239.030565
