mu,Algorithm,#Instances,ONMI Results,Mean ONMI,Sample Std ONMI,Reported Std ONMI Results,Mean Reported Std ONMI,Omega Results,Mean Omega,Sample Std Omega,Reported Std Omega Results,Mean Reported Std Omega,|K'-K|/K Results,Mean |K'-K|/K,Sample Std |K'-K|/K,Reported Std |K'-K|/K Results,Mean Reported Std |K'-K|/K,Runtime Results,Mean Runtime,Sample Std Runtime,Reported Std Runtime Results,Mean Reported Std Runtime
0.1,FADDIS (Default),10,"[0.838171, 0.813871, 0.843968, 0.835736, 0.794812, 0.817727, 0.817988, 0.778554, 0.836898, 0.763158]",0.814088,0.027322,"[null, null, null, null, null, null, null, null, null, null]",,"[0.781203, 0.779667, 0.818225, 0.785332, 0.737206, 0.781286, 0.824864, 0.791496, 0.775706, 0.750175]",0.782516,0.026486,"[null, null, null, null, null, null, null, null, null, null]",,"[0.148148, 0.043478, 0.125, 0.125, 0.12, 0.04, 0.076923, 0.041667, 0.115385, 0.285714]",0.112132,0.072994,"[null, null, null, null, null, null, null, null, null, null]",,"[12.197741, 10.012981, 11.555707, 10.956713, 10.879448, 10.912047, 11.472252, 9.593093, 11.404568, 10.94317]",10.992772,0.75355,"[null, null, null, null, null, null, null, null, null, null]",
0.1,FADDIS (IP_beta0),10,"[0.829544, 0.807529, 0.845199, 0.791263, 0.836413, 0.767743, 0.792016, 0.793967, 0.838755, 0.846372]",0.81488,0.027796,"[null, null, null, null, null, null, null, null, null, null]",,"[0.803555, 0.787252, 0.809342, 0.758409, 0.808515, 0.737773, 0.758501, 0.721704, 0.760938, 0.818839]",0.776483,0.033565,"[null, null, null, null, null, null, null, null, null, null]",,"[0.222222, 0.304348, 0.166667, 0.25, 0.16, 0.12, 0.115385, 0.208333, 0.115385, 0.142857]",0.18052,0.06399,"[null, null, null, null, null, null, null, null, null, null]",,"[18.468339, 17.286449, 17.344759, 17.127194, 17.438755, 16.854576, 17.616136, 17.544967, 16.671589, 15.018777]",17.137154,0.888717,"[null, null, null, null, null, null, null, null, null, null]",
0.1,SLPA,10,"[0.865306, 0.892456, 0.90524, 0.868586, 0.867507, 0.904388, 0.907998, 0.898425, 0.884788, 0.906826]",0.890152,0.017399,"[0.027681, 0.039469, 0.007708, 0.021008, 0.013258, 0.010969, 0.018417, 0.019105, 0.030551, 0.003446]",0.019161,"[0.858863, 0.921998, 0.934879, 0.881142, 0.896707, 0.922574, 0.92788, 0.906242, 0.910114, 0.919419]",0.907982,0.023398,"[0.040488, 0.037885, 0.008409, 0.026576, 0.013971, 0.012061, 0.013735, 0.022545, 0.031999, 0.004282]",0.021195,"[0.024691, 0.043478, 0.027778, 0.027778, 0.04, 0.013333, 0.012821, 0.041667, 0.012821, 0.015873]",0.026024,0.012317,"[0.021383, 0.043478, 0.024056, 0.024056, 0.0, 0.023094, 0.022206, 0.0, 0.022206, 0.027493]",0.020797,"[8.82498, 8.922829, 8.823469, 8.657517, 8.386478, 8.476094, 8.539848, 8.240194, 8.624714, 8.647669]",8.614379,0.211587,"[null, null, null, null, null, null, null, null, null, null]",
0.1,CFinder,10,"[0.703368, 0.712885, 0.768474, 0.619956, 0.76167, 0.747497, 0.788065, 0.577293, 0.78449, 0.629737]",0.709343,0.075533,"[null, null, null, null, null, null, null, null, null, null]",,"[0.663641, 0.699092, 0.775475, 0.644535, 0.753731, 0.703099, 0.769936, 0.507204, 0.782905, 0.578271]",0.687789,0.091441,"[null, null, null, null, null, null, null, null, null, null]",,"[0.740741, 0.826087, 0.583333, 1.333333, 0.52, 0.56, 0.423077, 1.333333, 0.5, 1.142857]",0.796276,0.350477,"[null, null, null, null, null, null, null, null, null, null]",,"[0.549601, 0.863231, 0.821911, 0.821593, 0.844544, 0.846888, 0.812208, 0.396782, 0.85216, 0.650083]",0.7459,0.160031,"[null, null, null, null, null, null, null, null, null, null]",
0.2,FADDIS (Default),10,"[0.822442, 0.734065, 0.720324, 0.787589, 0.825082, 0.861591, 0.830414, 0.809885, 0.766811, 0.788351]",0.794655,0.04441,"[null, null, null, null, null, null, null, null, null, null]",,"[0.794894, 0.726288, 0.708012, 0.78282, 0.7909, 0.837677, 0.796576, 0.787302, 0.704184, 0.752302]",0.768096,0.043676,"[null, null, null, null, null, null, null, null, null, null]",,"[0.090909, 0.0, 0.076923, 0.095238, 0.08, 0.08, 0.04, 0.16, 0.125, 0.173913]",0.092198,0.051766,"[null, null, null, null, null, null, null, null, null, null]",,"[9.768997, 11.755866, 11.485771, 9.761008, 11.499327, 11.464809, 10.828006, 12.162556, 11.004743, 10.798944]",11.053003,0.796982,"[null, null, null, null, null, null, null, null, null, null]",
0.2,FADDIS (IP_beta0),10,"[0.793779, 0.839889, 0.770758, 0.753836, 0.737095, 0.780472, 0.673204, 0.707826, 0.766635, 0.787311]",0.76108,0.046732,"[null, null, null, null, null, null, null, null, null, null]",,"[0.714632, 0.776891, 0.737916, 0.760261, 0.664563, 0.789223, 0.655714, 0.647627, 0.727956, 0.758588]",0.723337,0.051515,"[null, null, null, null, null, null, null, null, null, null]",,"[0.181818, 0.142857, 0.192308, 0.285714, 0.2, 0.24, 0.16, 0.4, 0.291667, 0.173913]",0.226828,0.078943,"[null, null, null, null, null, null, null, null, null, null]",,"[16.667012, 20.82018, 19.33487, 19.923055, 18.657186, 18.737159, 17.757716, 20.755297, 18.702113, 16.556666]",18.791125,1.496415,"[null, null, null, null, null, null, null, null, null, null]",
0.2,SLPA,10,"[0.916515, 0.900761, 0.849758, 0.869688, 0.849255, 0.874008, 0.833743, 0.901624, 0.876106, 0.87377]",0.874523,0.026093,"[0.015748, 0.021938, 0.037842, 0.019365, 0.049396, 0.01783, 0.028047, 0.008299, 0.067713, 0.019715]",0.028589,"[0.933056, 0.930043, 0.882233, 0.891646, 0.865648, 0.907505, 0.868114, 0.926016, 0.891876, 0.88663]",0.898277,0.024779,"[0.017647, 0.015636, 0.003689, 0.035634, 0.072355, 0.024325, 0.028814, 0.010304, 0.081312, 0.017547]",0.030726,"[0.030303, 0.02381, 0.038462, 0.095238, 0.04, 0.053333, 0.013333, 0.066667, 0.027778, 0.057971]",0.044689,0.02418,"[0.026243, 0.02062, 0.038462, 0.082479, 0.0, 0.023094, 0.023094, 0.061101, 0.024056, 0.066414]",0.036556,"[8.489107, 8.703884, 8.565044, 8.80873, 8.739776, 8.465852, 8.632359, 8.537883, 8.545574, 8.877412]",8.636562,0.140186,"[null, null, null, null, null, null, null, null, null, null]",
0.2,CFinder,10,"[0.498727, 0.683155, 0.623621, 0.431713, 0.581945, 0.594765, 0.510404, 0.544199, 0.478583, 0.533983]",0.54811,0.074325,"[null, null, null, null, null, null, null, null, null, null]",,"[0.329722, 0.577015, 0.465432, 0.253087, 0.415439, 0.438644, 0.414647, 0.420372, 0.354469, 0.36426]",0.403309,0.086757,"[null, null, null, null, null, null, null, null, null, null]",,"[1.272727, 0.75, 0.807692, 1.619048, 1.04, 0.8, 1.44, 0.92, 1.5, 1.130435]",1.12799,0.316558,"[null, null, null, null, null, null, null, null, null, null]",,"[0.417179, 0.392552, 0.365278, 0.26258, 0.28722, 0.530214, 0.305943, 0.365293, 0.368725, 0.340181]",0.363516,0.075581,"[null, null, null, null, null, null, null, null, null, null]",
0.3,FADDIS (Default),10,"[0.691605, 0.651401, 0.812716, 0.738231, 0.746112, 0.683497, 0.619741, 0.748187, 0.693802, 0.811681]",0.719697,0.063589,"[null, null, null, null, null, null, null, null, null, null]",,"[0.714258, 0.610485, 0.830407, 0.763859, 0.738322, 0.68576, 0.624992, 0.736338, 0.697022, 0.76789]",0.716933,0.06639,"[null, null, null, null, null, null, null, null, null, null]",,"[0.045455, 0.043478, 0.043478, 0.043478, 0.0, 0.043478, 0.0, 0.035714, 0.086957, 0.107143]",0.044918,0.032944,"[null, null, null, null, null, null, null, null, null, null]",,"[8.878836, 9.581424, 10.121221, 9.384946, 9.993993, 9.485072, 10.234987, 11.770006, 10.667105, 12.63076]",10.274835,1.149353,"[null, null, null, null, null, null, null, null, null, null]",
0.3,FADDIS (IP_beta0),10,"[0.804493, 0.720606, 0.718683, 0.756976, 0.75444, 0.724031, 0.815941, 0.771016, 0.79434, 0.733364]",0.759389,0.036068,"[null, null, null, null, null, null, null, null, null, null]",,"[0.750795, 0.660737, 0.713793, 0.762981, 0.684972, 0.67882, 0.756292, 0.725919, 0.798575, 0.721972]",0.725486,0.042815,"[null, null, null, null, null, null, null, null, null, null]",,"[0.181818, 0.217391, 0.217391, 0.130435, 0.086957, 0.130435, 0.125, 0.214286, 0.086957, 0.285714]",0.167638,0.065722,"[null, null, null, null, null, null, null, null, null, null]",,"[17.521815, 17.675963, 17.67413, 16.463368, 17.897059, 17.029573, 16.694055, 19.863749, 17.699447, 20.745641]",17.92648,1.354306,"[null, null, null, null, null, null, null, null, null, null]",
0.3,SLPA,10,"[0.737808, 0.835941, 0.843078, 0.754814, 0.76418, 0.829962, 0.852843, 0.773556, 0.742013, 0.764045]",0.789824,0.045153,"[0.082317, 0.015643, 0.015469, 0.037894, 0.037303, 0.070156, 0.052673, 0.021802, 0.066127, 0.056261]",0.045564,"[0.752385, 0.859122, 0.880273, 0.771552, 0.7754, 0.845795, 0.863283, 0.811211, 0.737985, 0.766869]",0.806387,0.052051,"[0.096485, 0.020353, 0.021718, 0.095031, 0.050426, 0.071597, 0.06553, 0.038642, 0.0818, 0.078351]",0.061993,"[0.090909, 0.144928, 0.130435, 0.057971, 0.173913, 0.072464, 0.152778, 0.083333, 0.144928, 0.047619]",0.109928,0.044541,"[0.045455, 0.109418, 0.115033, 0.025102, 0.075307, 0.050204, 0.024056, 0.074345, 0.066414, 0.054554]",0.063989,"[8.860447, 8.737156, 8.749448, 8.972684, 8.728433, 9.145543, 8.90118, 8.916518, 8.759214, 9.035817]",8.880644,0.141638,"[null, null, null, null, null, null, null, null, null, null]",
0.3,CFinder,10,"[0.369995, 0.327221, 0.338363, 0.351287, 0.292462, 0.443204, 0.459977, 0.500611, 0.332453, 0.571389]",0.398696,0.090333,"[null, null, null, null, null, null, null, null, null, null]",,"[0.173757, 0.139568, 0.154156, 0.180638, 0.146213, 0.249752, 0.258816, 0.314266, 0.16723, 0.415436]",0.219983,0.089564,"[null, null, null, null, null, null, null, null, null, null]",,"[1.045455, 1.130435, 1.086957, 0.913043, 1.130435, 1.347826, 1.083333, 1.035714, 1.217391, 0.75]",1.074059,0.161703,"[null, null, null, null, null, null, null, null, null, null]",,"[0.176706, 0.17101, 0.175108, 0.202327, 0.186549, 0.228522, 0.221176, 0.23527, 0.141589, 0.427568]",0.216582,0.079683,"[null, null, null, null, null, null, null, null, null, null]",
0.4,FADDIS (Default),10,"[0.648582, 0.59118, 0.768148, 0.569602, 0.61556, 0.513367, 0.749145, 0.726317, 0.654961, 0.592341]",0.64292,0.083161,"[null, null, null, null, null, null, null, null, null, null]",,"[0.610955, 0.617466, 0.783782, 0.585787, 0.611182, 0.530598, 0.759, 0.738869, 0.644133, 0.620482]",0.650225,0.082362,"[null, null, null, null, null, null, null, null, null, null]",,"[0.037037, 0.0, 0.041667, 0.0, 0.08, 0.04, 0.192308, 0.125, 0.076923, 0.095238]",0.068817,0.059015,"[null, null, null, null, null, null, null, null, null, null]",,"[11.169366, 10.226681, 10.922402, 10.164163, 9.858727, 10.343617, 12.648081, 11.399217, 11.723086, 10.297802]",10.875314,0.869272,"[null, null, null, null, null, null, null, null, null, null]",
0.4,FADDIS (IP_beta0),10,"[0.768753, 0.789675, 0.804895, 0.814303, 0.822829, 0.811764, 0.797251, 0.812829, 0.811626, 0.801309]",0.803523,0.015477,"[null, null, null, null, null, null, null, null, null, null]",,"[0.669631, 0.758933, 0.76925, 0.747684, 0.819736, 0.776527, 0.753, 0.754573, 0.752808, 0.804554]",0.76067,0.039941,"[null, null, null, null, null, null, null, null, null, null]",,"[0.148148, 0.086957, 0.166667, 0.083333, 0.04, 0.16, 0.230769, 0.125, 0.153846, 0.047619]",0.124234,0.059541,"[null, null, null, null, null, null, null, null, null, null]",,"[19.753738, 17.39099, 19.275211, 17.989956, 17.449506, 18.649517, 19.522424, 17.124682, 18.155903, 17.002611]",18.231454,1.020077,"[null, null, null, null, null, null, null, null, null, null]",
0.4,SLPA,10,"[0.638045, 0.497855, 0.488698, 0.713482, 0.693554, 0.671925, 0.627149, 0.548373, 0.524205, 0.478021]",0.588131,0.090487,"[0.06857, 0.146812, 0.123468, 0.009476, 0.043361, 0.13183, 0.046949, 0.041147, 0.049164, 0.103983]",0.076476,"[0.518624, 0.282018, 0.330118, 0.717274, 0.592059, 0.564351, 0.519438, 0.319764, 0.273644, 0.294792]",0.441208,0.159232,"[0.174266, 0.174186, 0.183429, 0.024817, 0.127683, 0.325531, 0.054813, 0.022608, 0.102222, 0.242532]",0.143209,"[0.08642, 0.246377, 0.222222, 0.194444, 0.226667, 0.133333, 0.115385, 0.166667, 0.205128, 0.222222]",0.181886,0.053997,"[0.056575, 0.20547, 0.13394, 0.063647, 0.122202, 0.061101, 0.10176, 0.041667, 0.096793, 0.054986]",0.093814,"[9.049169, 9.282797, 9.271334, 9.220086, 8.822356, 9.057369, 8.942322, 8.60925, 9.10836, 8.9287]",9.029174,0.211772,"[null, null, null, null, null, null, null, null, null, null]",
0.4,CFinder,10,"[0.278197, 0.209857, 0.192397, 0.257032, 0.238514, 0.222351, 0.230429, 0.210361, 0.264911, 0.138294]",0.224234,0.040396,"[null, null, null, null, null, null, null, null, null, null]",,"[0.111992, 0.08711, 0.077637, 0.095734, 0.0938, 0.094317, 0.090844, 0.094476, 0.119239, 0.056101]",0.092125,0.01729,"[null, null, null, null, null, null, null, null, null, null]",,"[0.666667, 1.043478, 1.333333, 0.375, 1.04, 1.0, 0.961538, 0.333333, 0.923077, 0.761905]",0.843833,0.31287,"[null, null, null, null, null, null, null, null, null, null]",,"[0.15277, 0.124287, 0.147949, 0.135074, 0.114287, 0.113754, 0.157141, 0.113334, 0.144745, 0.10828]",0.131162,0.018559,"[null, null, null, null, null, null, null, null, null, null]",
0.5,FADDIS (Default),10,"[0.573888, 0.453583, 0.549736, 0.581225, 0.337257, 0.431356, 0.321958, 0.414758, 0.539013, 0.366634]",0.456941,0.098666,"[null, null, null, null, null, null, null, null, null, null]",,"[0.589382, 0.522291, 0.581461, 0.630514, 0.440791, 0.488681, 0.419214, 0.492583, 0.560566, 0.425317]",0.51508,0.074044,"[null, null, null, null, null, null, null, null, null, null]",,"[0.0, 0.035714, 0.115385, 0.047619, 0.08, 0.12, 0.16, 0.0, 0.083333, 0.086957]",0.072901,0.0523,"[null, null, null, null, null, null, null, null, null, null]",,"[9.189726, 12.213574, 10.085572, 8.790056, 9.63913, 9.662673, 9.108816, 10.700888, 9.705016, 8.721849]",9.78173,1.043577,"[null, null, null, null, null, null, null, null, null, null]",
0.5,FADDIS (IP_beta0),10,"[0.596645, 0.616191, 0.545984, 0.587205, 0.6345, 0.647598, 0.687975, 0.681716, 0.644049, 0.704421]",0.634628,0.049532,"[null, null, null, null, null, null, null, null, null, null]",,"[0.607913, 0.59753, 0.520332, 0.619551, 0.614682, 0.631797, 0.689024, 0.678342, 0.609858, 0.681936]",0.625096,0.050111,"[null, null, null, null, null, null, null, null, null, null]",,"[0.181818, 0.035714, 0.076923, 0.0, 0.04, 0.16, 0.12, 0.0, 0.041667, 0.0]",0.065612,0.067113,"[null, null, null, null, null, null, null, null, null, null]",,"[16.218061, 17.287465, 17.312426, 15.184461, 16.363912, 17.936364, 16.589338, 16.656423, 16.886896, 16.504306]",16.693965,0.743704,"[null, null, null, null, null, null, null, null, null, null]",
0.5,SLPA,10,"[0.285831, 0.444133, 0.25574, 0.226941, 0.005467, 0.381246, 0.191526, 0.234649, 0.170952, 0.315576]",0.251206,0.12053,"[0.0379, 0.036637, 0.221753, 0.115882, 0.009469, 0.023899, 0.166742, 0.160869, 0.204799, 0.137355]",0.111531,"[0.207617, 0.328215, 0.144219, 0.165339, -2e-06, 0.219621, 0.02459, 0.221761, 0.050907, 0.226427]",0.158869,0.104588,"[0.120399, 0.072627, 0.157747, 0.169982, 3e-06, 0.121442, 0.02573, 0.191684, 0.08555, 0.193171]",0.113833,"[0.530303, 0.27381, 0.410256, 0.84127, 0.946667, 0.453333, 0.546667, 0.68, 0.611111, 0.623188]",0.59166,0.198989,"[0.341162, 0.109109, 0.480897, 0.145479, 0.023094, 0.323316, 0.358515, 0.2, 0.425599, 0.20547]",0.261264,"[9.159834, 9.366526, 9.012965, 9.427707, 9.002894, 9.066998, 9.143645, 9.024117, 8.800454, 9.380597]",9.138574,0.200374,"[null, null, null, null, null, null, null, null, null, null]",
0.5,CFinder,10,"[0.073113, 0.18835, 0.113443, 0.039408, 0.124558, 0.070322, 0.145139, 0.07, 0.111438, 0.117522]",0.105329,0.043405,"[null, null, null, null, null, null, null, null, null, null]",,"[0.036386, 0.06359, 0.043656, 0.020486, 0.052508, 0.029405, 0.052039, 0.031171, 0.041977, 0.041046]",0.041226,0.012672,"[null, null, null, null, null, null, null, null, null, null]",,"[0.045455, 0.25, 0.038462, 0.047619, 0.08, 0.04, 0.28, 0.2, 0.125, 0.130435]",0.123697,0.090886,"[null, null, null, null, null, null, null, null, null, null]",,"[0.092662, 0.100538, 0.095925, 0.102456, 0.223124, 0.097829, 0.09479, 0.090223, 0.103998, 0.098457]",0.11,0.039975,"[null, null, null, null, null, null, null, null, null, null]",
0.6,FADDIS (Default),10,"[0.103648, 0.142292, 0.124524, 0.146638, 0.099216, 0.094675, 0.097101, 0.12506, 0.120338, 0.182051]",0.123554,0.027572,"[null, null, null, null, null, null, null, null, null, null]",,"[0.228889, 0.248602, 0.205367, 0.257766, 0.216006, 0.230282, 0.216854, 0.272132, 0.217239, 0.286087]",0.237922,0.026977,"[null, null, null, null, null, null, null, null, null, null]",,"[0.181818, 0.043478, 0.130435, 0.043478, 0.130435, 0.086957, 0.208333, 0.214286, 0.043478, 0.25]",0.13327,0.077839,"[null, null, null, null, null, null, null, null, null, null]",,"[8.045393, 9.825248, 9.057883, 9.452717, 8.43979, 8.88265, 8.070885, 9.262821, 9.301738, 9.295024]",8.963415,0.598633,"[null, null, null, null, null, null, null, null, null, null]",
0.6,FADDIS (IP_beta0),10,"[0.125175, 0.150042, 0.153252, 0.203469, 0.157057, 0.195862, 0.257552, 0.14352, 0.113328, 0.279963]",0.177922,0.055465,"[null, null, null, null, null, null, null, null, null, null]",,"[0.217446, 0.186824, 0.187637, 0.271156, 0.18152, 0.273983, 0.271517, 0.220037, 0.166904, 0.286708]",0.226373,0.045562,"[null, null, null, null, null, null, null, null, null, null]",,"[0.136364, 0.217391, 0.304348, 0.130435, 0.173913, 0.217391, 0.25, 0.25, 0.173913, 0.178571]",0.203233,0.054872,"[null, null, null, null, null, null, null, null, null, null]",,"[14.564845, 15.22344, 13.969609, 15.379137, 14.714145, 14.300821, 14.534337, 15.067029, 14.560445, 15.908989]",14.82228,0.571573,"[null, null, null, null, null, null, null, null, null, null]",
0.6,SLPA,10,"[0.0, 0.0, 0.0, 0.008079, 0.007449, 0.0, 0.0, 0.0, 0.028913, 0.077576]",0.012202,0.024689,"[0.0, 0.0, 0.0, 0.013993, 0.012902, 0.0, 0.0, 0.0, 0.050079, 0.084402]",0.016138,"[0.0, 0.0, 0.0, -3.2e-05, -0.000311, 0.0, 0.0, 0.0, 0.005233, 0.034843]",0.003973,0.010973,"[0.0, 0.0, 0.0, 5.6e-05, 0.000538, 0.0, 0.0, 0.0, 0.009064, 0.06277]",0.007243,"[0.954545, 0.956522, 0.956522, 0.927536, 0.927536, 0.956522, 0.958333, 0.964286, 0.637681, 0.75]",0.898948,0.112008,"[0.0, 0.0, 0.0, 0.050204, 0.050204, 0.0, 0.0, 0.0, 0.552248, 0.257539]",0.09102,"[8.903851, 8.940155, 8.956921, 9.089111, 9.018565, 9.225584, 9.070681, 9.0927, 8.933386, 9.505975]",9.073693,0.180612,"[null, null, null, null, null, null, null, null, null, null]",
0.6,CFinder,10,"[0.017068, 0.049786, 0.01699, 0.025755, 0.025185, 0.0087, 0.055269, 0.043992, 0.032694, 0.08071]",0.035615,0.021911,"[null, null, null, null, null, null, null, null, null, null]",,"[0.005556, 0.016476, 0.007958, 0.015346, 0.009418, 0.006984, 0.018541, 0.015866, 0.011054, 0.03145]",0.013865,0.007624,"[null, null, null, null, null, null, null, null, null, null]",,"[0.818182, 0.565217, 0.608696, 0.434783, 0.73913, 0.608696, 0.583333, 0.428571, 0.73913, 0.214286]",0.574002,0.178468,"[null, null, null, null, null, null, null, null, null, null]",,"[0.099836, 0.104613, 0.084866, 0.086554, 0.083254, 0.20812, 0.088403, 0.086818, 0.093599, 0.103355]",0.103942,0.037426,"[null, null, null, null, null, null, null, null, null, null]",
0.7,FADDIS (Default),10,"[0.014706, 0.0, 0.0, 0.016892, 0.0, 0.009552, 0.010077, 0.0, 0.008564, 0.0]",0.005979,0.006751,"[null, null, null, null, null, null, null, null, null, null]",,"[0.06703, 0.0644, 0.070398, 0.074076, 0.06052, 0.057995, 0.074635, 0.061838, 0.069692, 0.054009]",0.065459,0.006901,"[null, null, null, null, null, null, null, null, null, null]",,"[0.086957, 0.090909, 0.037037, 0.086957, 0.0, 0.04, 0.038462, 0.095238, 0.043478, 0.0]",0.051904,0.0363,"[null, null, null, null, null, null, null, null, null, null]",,"[8.860944, 10.065997, 11.044144, 10.71418, 10.428978, 10.311531, 11.629107, 10.199741, 9.824805, 10.411577]",10.3491,0.734728,"[null, null, null, null, null, null, null, null, null, null]",
0.7,FADDIS (IP_beta0),10,"[0.012315, 0.0, 0.008878, 0.0, 0.0, 0.0, 0.011466, 0.0, 0.0, 0.0]",0.003266,0.005326,"[null, null, null, null, null, null, null, null, null, null]",,"[0.036356, 0.036147, 0.048465, 0.030971, 0.037243, 0.041447, 0.050605, 0.022284, 0.041393, 0.039419]",0.038433,0.008131,"[null, null, null, null, null, null, null, null, null, null]",,"[0.173913, 0.136364, 0.222222, 0.130435, 0.208333, 0.2, 0.076923, 0.0, 0.26087, 0.28]",0.168906,0.085451,"[null, null, null, null, null, null, null, null, null, null]",,"[14.149701, 12.859424, 16.049962, 15.46377, 14.645401, 15.009036, 14.468269, 16.061251, 14.997728, 14.273741]",14.797828,0.958941,"[null, null, null, null, null, null, null, null, null, null]",
0.7,SLPA,10,"[0.002259, 0.0, 0.0, 0.0, 0.0, 0.0, 0.0, 0.0, 0.0, -0.0]",0.000226,0.000714,"[0.003913, 0.0, 0.0, 0.0, 0.0, 0.0, 0.0, 0.0, 0.0, 0.0]",0.000391,"[6e-05, 0.0, 0.0, 0.0, 0.0, 0.0, 0.0, 0.0, 0.0, 0.0]",6e-06,1.9e-05,"[0.000104, 0.0, 0.0, 0.0, 0.0, 0.0, 0.0, 0.0, 0.0, 0.0]",1e-05,"[0.942029, 0.954545, 0.962963, 0.956522, 0.958333, 0.96, 0.961538, 0.952381, 0.956522, 0.96]",0.956483,0.006011,"[0.025102, 0.0, 0.0, 0.0, 0.0, 0.0, 0.0, 0.0, 0.0, 0.0]",0.00251,"[9.073499, 9.41753, 8.992268, 9.183523, 8.718865, 9.239592, 9.146074, 8.877549, 8.973277, 8.816818]",9.043899,0.211146,"[null, null, null, null, null, null, null, null, null, null]",
0.7,CFinder,10,"[0.009235, 0.008101, 0.006132, 0.012223, 0.005612, 0.005635, 0.004174, 0.0, 0.004529, 0.004652]",0.006029,0.003287,"[null, null, null, null, null, null, null, null, null, null]",,"[0.001837, 0.001926, 0.002436, 0.002555, 0.002726, 0.002864, 0.000642, 0.0, 0.001366, 0.001033]",0.001738,0.00096,"[null, null, null, null, null, null, null, null, null, null]",,"[0.956522, 0.909091, 0.925926, 0.913043, 0.875, 0.88, 0.961538, 1.0, 0.913043, 0.96]",0.929416,0.039509,"[null, null, null, null, null, null, null, null, null, null]",,"[0.096291, 0.085593, 0.093429, 0.090431, 0.085293, 0.09217, 0.085808, 0.089447, 0.08377, 0.101326]",0.090356,0.005593,"[null, null, null, null, null, null, null, null, null, null]",
0.8,FADDIS (Default),10,"[0.0, 0.0, 0.0, 0.0, 0.0, 0.0, 0.0, 0.0, 0.0, 0.0]",0.0,0.0,"[null, null, null, null, null, null, null, null, null, null]",,"[0.01511, 0.007042, 0.011948, 0.010932, 0.012615, 0.014331, 0.01292, 0.012597, 0.01408, 0.013095]",0.012467,0.002255,"[null, null, null, null, null, null, null, null, null, null]",,"[0.0, 0.190476, 0.041667, 0.0, 0.038462, 0.0, 0.038462, 0.130435, 0.038462, 0.04]",0.051796,0.06168,"[null, null, null, null, null, null, null, null, null, null]",,"[11.116146, 11.100072, 10.597986, 11.211387, 10.841608, 10.498816, 10.529885, 11.170772, 10.84152, 10.640686]",10.854888,0.278866,"[null, null, null, null, null, null, null, null, null, null]",
0.8,FADDIS (IP_beta0),10,"[0.0, 0.0, 0.0, 0.0, 0.0, 0.0, 0.0, 0.0, 0.0, 0.0]",0.0,0.0,"[null, null, null, null, null, null, null, null, null, null]",,"[0.003421, 0.006673, 0.007827, 0.00292, 0.002796, 0.002813, 0.00487, 0.001291, 0.00254, 0.005915]",0.004107,0.002106,"[null, null, null, null, null, null, null, null, null, null]",,"[0.08, 0.0, 0.083333, 0.296296, 0.192308, 0.166667, 0.192308, 0.130435, 0.115385, 0.32]",0.157673,0.098317,"[null, null, null, null, null, null, null, null, null, null]",,"[16.220575, 15.294444, 14.638176, 14.16304, 16.488932, 15.100086, 14.773797, 14.398627, 15.744511, 14.337542]",15.115973,0.810098,"[null, null, null, null, null, null, null, null, null, null]",
0.8,SLPA,10,"[0.0, 0.0, 0.0, 0.0, 0.0, 0.0, 0.0, -0.0, 0.0, 0.0]",-0.0,0.0,"[0.0, 0.0, 0.0, 0.0, 0.0, 0.0, 0.0, 0.0, 0.0, 0.0]",0.0,"[0.0, 0.0, 0.0, 0.0, 0.0, 0.0, 0.0, 0.0, 0.0, 0.0]",0.0,0.0,"[0.0, 0.0, 0.0, 0.0, 0.0, 0.0, 0.0, 0.0, 0.0, 0.0]",0.0,"[0.96, 0.952381, 0.958333, 0.962963, 0.961538, 0.958333, 0.961538, 0.956522, 0.961538, 0.96]",0.959315,0.003107,"[0.0, 0.0, 0.0, 0.0, 0.0, 0.0, 0.0, 0.0, 0.0, 0.0]",0.0,"[9.027693, 8.807555, 9.027039, 9.022516, 9.017371, 8.775021, 9.048217, 9.105113, 9.003886, 8.630839]",8.946525,0.153127,"[null, null, null, null, null, null, null, null, null, null]",
0.8,CFinder,10,"[0.0, 0.0, 0.0, 0.0, 0.0, 0.0, 0.0, -0.0, 0.0, 0.005631]",0.000563,0.001781,"[null, null, null, null, null, null, null, null, null, null]",,"[0.0, 0.0, 0.0, 0.0, 0.0, 0.0, 0.0, 0.0, 0.0, 0.002069]",0.000207,0.000654,"[null, null, null, null, null, null, null, null, null, null]",,"[1.0, 1.0, 1.0, 1.0, 1.0, 1.0, 1.0, 1.0, 1.0, 0.92]",0.992,0.025298,"[null, null, null, null, null, null, null, null, null, null]",,"[0.082636, 0.08572, 0.106591, 0.084651, 0.080257, 0.082168, 0.084139, 0.083746, 0.084109, 0.078605]",0.085262,0.007791,"[null, null, null, null, null, null, null, null, null, null]",
