ID,Network Family,Network,Overlapping?,Affinity Design,Execution Mode,Laplacian,Epsilon,Tau,Kmax,Stop condition,Gamma,Conditionally discard C0?,C0 discarded?,K' | K,|K'-K|/K,ONMI,Omega,Fuzzy-Modularity,Conductance-BN
001,13_nM_uM_onnL_omL,n1000mu0.5on100om2inst1,Yes,Default,LAPIN-off,-,0.000281,0.05,100,epsilon,0.3,Yes,Yes,19 | 22,0.136364,0.167599,0.056194,0.008732,0.454750
002,13_nM_uM_onnL_omL,n1000mu0.5on100om2inst1,Yes,Default,LAPIN-off,-,0.000281,0.05,100,epsilon,0.3,No,No,20 | 22,0.090909,0.158052,0.032026,0.008732,0.311059
003,13_nM_uM_onnL_omL,n1000mu0.5on100om2inst1,Yes,Default,LAPIN-off,-,0.000281,0.05,100,epsilon,0.5,Yes,Yes,19 | 22,0.136364,0.283337,0.247071,0.008732,0.492659
004,13_nM_uM_onnL_omL,n1000mu0.5on100om2inst1,Yes,Default,LAPIN-off,-,0.000281,0.05,100,epsilon,0.5,No,No,20 | 22,0.090909,0.267730,0.238948,0.008732,0.492659
005,13_nM_uM_onnL_omL,n1000mu0.5on100om2inst1,Yes,Default,LAPIN-off,-,0.000281,0.05,100,epsilon,0.7,Yes,Yes,19 | 22,0.136364,0.440563,0.470075,0.008732,0.508576
006,13_nM_uM_onnL_omL,n1000mu0.5on100om2inst1,Yes,Default,LAPIN-off,-,0.000281,0.05,100,epsilon,0.7,No,No,20 | 22,0.090909,0.432251,0.469981,0.008732,0.508576
007,13_nM_uM_onnL_omL,n1000mu0.5on100om2inst1,Yes,Default,LAPIN-on,Lsym,0.000281,0.05,100,epsilon,0.3,Yes,No,11 | 22,0.5,0.119379,0.054445,0.004488,0.359334
008,13_nM_uM_onnL_omL,n1000mu0.5on100om2inst1,Yes,Default,LAPIN-on,Lsym,0.000281,0.05,100,epsilon,0.3,No,No,11 | 22,0.5,0.119379,0.054445,0.004488,0.359334
009,13_nM_uM_onnL_omL,n1000mu0.5on100om2inst1,Yes,Default,LAPIN-on,Lsym,0.000281,0.05,100,epsilon,0.5,Yes,No,11 | 22,0.5,0.126393,0.147040,0.004488,0.403315
010,13_nM_uM_onnL_omL,n1000mu0.5on100om2inst1,Yes,Default,LAPIN-on,Lsym,0.000281,0.05,100,epsilon,0.5,No,No,11 | 22,0.5,0.126393,0.147040,0.004488,0.403315
011,13_nM_uM_onnL_omL,n1000mu0.5on100om2inst1,Yes,Default,LAPIN-on,Lsym,0.000281,0.05,100,epsilon,0.7,Yes,No,11 | 22,0.5,0.166771,0.243471,0.004488,0.440470
012,13_nM_uM_onnL_omL,n1000mu0.5on100om2inst1,Yes,Default,LAPIN-on,Lsym,0.000281,0.05,100,epsilon,0.7,No,No,11 | 22,0.5,0.166771,0.243471,0.004488,0.440470
