Cluster,Contribution,Eigenvalue,Intensity,Weight
0,3.0348,24.1162,4.9108,24.1162
I,0.4336,11.7012,3.0193,9.116
II,0.3623,11.6223,2.8866,8.3326
III,0.241,10.9125,2.607,6.7965
IV,0.1906,10.0732,2.4583,6.0435
V,0.1531,9.6059,2.3275,5.4173
VI,0.1287,10.853,2.2284,4.9659
VII,0.108,9.794,2.1331,4.5502
VIII,0.0843,9.0952,2.0046,4.0184
IX,0.0651,9.1512,1.879,3.5308
X,0.0559,9.0404,1.809,3.2725
XI,0.0386,10.3011,1.6488,2.7185
XII,0.0278,9.937,1.5194,2.3087
XIII,0.0242,10.3389,1.467,2.1521
XIV,0.0213,9.3238,1.4216,2.0209
XV,0.0118,9.4395,1.2261,1.5034
XVI,0.0112,8.6206,1.2101,1.4644
XVII,0.0067,9.5529,1.0663,1.137
XVIII,0.0078,8.6576,1.1059,1.2231
XIX,0.0046,9.0421,0.9675,0.9361
XX,0.0012,10.722,0.6881,0.4735
XXI,0.001,10.495,0.6585,0.4336
