variant,Network Family,Network,Overlapping?,|K'-K|/K,AMI,F-measure,ARI,FMI,NMI,VI,ONMI,Omega,FADDIS Runtime
001_default_lapin-off_-_-,network_family_1,zachary-karate-club,False,2.0,0.453552,0.606618,0.279444,0.524686,0.492501,1.231464,,,0.007056
002_default_lapin-on_lsym_-,network_family_1,zachary-karate-club,False,3.5,0.141603,0.429253,0.061732,0.297927,0.235635,2.110667,,,0.018786
001_default_lapin-off_-_g0.3,network_family_10,facebook-network-ego348,True,0.071429,,,,,,,0.165549,0.077008,0.370498
002_default_lapin-off_-_g0.5,network_family_10,facebook-network-ego348,True,0.071429,,,,,,,0.195028,0.013177,0.370498
003_default_lapin-off_-_g0.6,network_family_10,facebook-network-ego348,True,0.071429,,,,,,,0.213995,-0.002394,0.370498
004_default_lapin-off_-_g0.7,network_family_10,facebook-network-ego348,True,0.071429,,,,,,,0.208957,-0.009807,0.370498
005_default_lapin-off_-_g0.8,network_family_10,facebook-network-ego348,True,0.071429,,,,,,,0.222446,-0.012845,0.370498
006_default_lapin-off_-_g0.9,network_family_10,facebook-network-ego348,True,0.071429,,,,,,,0.214443,-0.016503,0.370498
007_default_lapin-on_lsym_g0.3,network_family_10,facebook-network-ego348,True,0.357143,,,,,,,0.212104,0.043328,0.663271
008_default_lapin-on_lsym_g0.5,network_family_10,facebook-network-ego348,True,0.357143,,,,,,,0.235087,0.002225,0.663271
009_default_lapin-on_lsym_g0.6,network_family_10,facebook-network-ego348,True,0.357143,,,,,,,0.243858,-0.003755,0.663271
010_default_lapin-on_lsym_g0.7,network_family_10,facebook-network-ego348,True,0.357143,,,,,,,0.23834,-0.008787,0.663271
011_default_lapin-on_lsym_g0.8,network_family_10,facebook-network-ego348,True,0.285714,,,,,,,0.222568,-0.021614,0.663271
012_default_lapin-on_lsym_g0.9,network_family_10,facebook-network-ego348,True,0.285714,,,,,,,0.207309,-0.024202,0.663271
001_default_lapin-off_-_g0.3,network_family_11,facebook-network-ego686,True,0.5,,,,,,,0.131881,0.068949,0.105314
002_default_lapin-off_-_g0.5,network_family_11,facebook-network-ego686,True,0.5,,,,,,,0.124897,0.051651,0.105314
003_default_lapin-off_-_g0.6,network_family_11,facebook-network-ego686,True,0.5,,,,,,,0.11985,0.042255,0.105314
004_default_lapin-off_-_g0.7,network_family_11,facebook-network-ego686,True,0.5,,,,,,,0.11129,0.036474,0.105314
005_default_lapin-off_-_g0.8,network_family_11,facebook-network-ego686,True,0.5,,,,,,,0.109979,0.028647,0.105314
006_default_lapin-off_-_g0.9,network_family_11,facebook-network-ego686,True,0.5,,,,,,,0.111036,0.030189,0.105314
007_default_lapin-on_lsym_g0.3,network_family_11,facebook-network-ego686,True,0.071429,,,,,,,0.132883,0.040237,0.275184
008_default_lapin-on_lsym_g0.5,network_family_11,facebook-network-ego686,True,0.071429,,,,,,,0.117415,0.048731,0.275184
009_default_lapin-on_lsym_g0.6,network_family_11,facebook-network-ego686,True,0.071429,,,,,,,0.110992,0.04223,0.275184
010_default_lapin-on_lsym_g0.7,network_family_11,facebook-network-ego686,True,0.071429,,,,,,,0.104469,0.036889,0.275184
011_default_lapin-on_lsym_g0.8,network_family_11,facebook-network-ego686,True,0.071429,,,,,,,0.111161,0.029636,0.275184
012_default_lapin-on_lsym_g0.9,network_family_11,facebook-network-ego686,True,0.071429,,,,,,,0.118044,0.026303,0.275184
001_default_lapin-off_-_g0.3,network_family_12,facebook-network-ego1684,True,2.0,,,,,,,0.055963,0.157107,21.379207
002_default_lapin-off_-_g0.5,network_family_12,facebook-network-ego1684,True,2.0,,,,,,,0.063741,0.236564,21.379207
003_default_lapin-off_-_g0.6,network_family_12,facebook-network-ego1684,True,2.0,,,,,,,0.068106,0.246943,21.379207
004_default_lapin-off_-_g0.7,network_family_12,facebook-network-ego1684,True,2.0,,,,,,,0.077514,0.249768,21.379207
005_default_lapin-off_-_g0.8,network_family_12,facebook-network-ego1684,True,2.0,,,,,,,0.073084,0.223404,21.379207
006_default_lapin-off_-_g0.9,network_family_12,facebook-network-ego1684,True,2.0,,,,,,,0.086478,0.204786,21.379207
007_default_lapin-on_lsym_g0.3,network_family_12,facebook-network-ego1684,True,1.058824,,,,,,,0.181947,0.357505,27.472875
008_default_lapin-on_lsym_g0.5,network_family_12,facebook-network-ego1684,True,1.058824,,,,,,,0.228238,0.477389,27.472875
009_default_lapin-on_lsym_g0.6,network_family_12,facebook-network-ego1684,True,1.058824,,,,,,,0.27801,0.52409,27.472875
010_default_lapin-on_lsym_g0.7,network_family_12,facebook-network-ego1684,True,1.0,,,,,,,0.282094,0.554452,27.472875
011_default_lapin-on_lsym_g0.8,network_family_12,facebook-network-ego1684,True,1.0,,,,,,,0.304199,0.570693,27.472875
012_default_lapin-on_lsym_g0.9,network_family_12,facebook-network-ego1684,True,1.0,,,,,,,0.298058,0.582742,27.472875
001_default_lapin-off_-_g0.3,network_family_13,facebook-network-ego0,True,0.045455,,,,,,,0.050978,0.140225,1.007064
002_default_lapin-off_-_g0.5,network_family_13,facebook-network-ego0,True,0.045455,,,,,,,0.059478,0.119542,1.007064
003_default_lapin-off_-_g0.6,network_family_13,facebook-network-ego0,True,0.045455,,,,,,,0.065715,0.118693,1.007064
004_default_lapin-off_-_g0.7,network_family_13,facebook-network-ego0,True,0.045455,,,,,,,0.067822,0.105389,1.007064
005_default_lapin-off_-_g0.8,network_family_13,facebook-network-ego0,True,0.045455,,,,,,,0.054277,0.090245,1.007064
006_default_lapin-off_-_g0.9,network_family_13,facebook-network-ego0,True,0.045455,,,,,,,0.05551,0.070002,1.007064
007_default_lapin-on_lsym_g0.3,network_family_13,facebook-network-ego0,True,0.409091,,,,,,,0.1043,0.211515,0.834258
008_default_lapin-on_lsym_g0.5,network_family_13,facebook-network-ego0,True,0.409091,,,,,,,0.114721,0.301366,0.834258
009_default_lapin-on_lsym_g0.6,network_family_13,facebook-network-ego0,True,0.409091,,,,,,,0.116242,0.307878,0.834258
010_default_lapin-on_lsym_g0.7,network_family_13,facebook-network-ego0,True,0.409091,,,,,,,0.135491,0.308776,0.834258
011_default_lapin-on_lsym_g0.8,network_family_13,facebook-network-ego0,True,0.409091,,,,,,,0.134889,0.314321,0.834258
012_default_lapin-on_lsym_g0.9,network_family_13,facebook-network-ego0,True,0.409091,,,,,,,0.138266,0.310141,0.834258
001_default_lapin-off_-_g0.3,network_family_14,facebook-network-ego3437,True,0.3125,,,,,,,0.275225,0.259014,2.81016
002_default_lapin-off_-_g0.5,network_family_14,facebook-network-ego3437,True,0.34375,,,,,,,0.299066,0.262953,2.81016
003_default_lapin-off_-_g0.6,network_family_14,facebook-network-ego3437,True,0.34375,,,,,,,0.280612,0.23087,2.81016
004_default_lapin-off_-_g0.7,network_family_14,facebook-network-ego3437,True,0.34375,,,,,,,0.267698,0.200275,2.81016
005_default_lapin-off_-_g0.8,network_family_14,facebook-network-ego3437,True,0.34375,,,,,,,0.244762,0.172047,2.81016
006_default_lapin-off_-_g0.9,network_family_14,facebook-network-ego3437,True,0.34375,,,,,,,0.238547,0.159919,2.81016
007_default_lapin-on_lsym_g0.3,network_family_14,facebook-network-ego3437,True,0.34375,,,,,,,0.334817,0.141376,12.229094
008_default_lapin-on_lsym_g0.5,network_family_14,facebook-network-ego3437,True,0.34375,,,,,,,0.384355,0.247454,12.229094
009_default_lapin-on_lsym_g0.6,network_family_14,facebook-network-ego3437,True,0.34375,,,,,,,0.358908,0.246824,12.229094
010_default_lapin-on_lsym_g0.7,network_family_14,facebook-network-ego3437,True,0.34375,,,,,,,0.349611,0.461519,12.229094
011_default_lapin-on_lsym_g0.8,network_family_14,facebook-network-ego3437,True,0.4375,,,,,,,0.307167,0.439392,12.229094
012_default_lapin-on_lsym_g0.9,network_family_14,facebook-network-ego3437,True,0.5,,,,,,,0.310238,0.442017,12.229094
001_default_lapin-off_-_g0.3,network_family_15,facebook-network-ego1912,True,0.6,,,,,,,0.172726,0.242126,7.256595
002_default_lapin-off_-_g0.5,network_family_15,facebook-network-ego1912,True,0.6,,,,,,,0.183981,0.310296,7.256595
003_default_lapin-off_-_g0.6,network_family_15,facebook-network-ego1912,True,0.6,,,,,,,0.189363,0.305983,7.256595
004_default_lapin-off_-_g0.7,network_family_15,facebook-network-ego1912,True,0.6,,,,,,,0.188459,0.298465,7.256595
005_default_lapin-off_-_g0.8,network_family_15,facebook-network-ego1912,True,0.6,,,,,,,0.180097,0.286677,7.256595
006_default_lapin-off_-_g0.9,network_family_15,facebook-network-ego1912,True,0.6,,,,,,,0.175524,0.275143,7.256595
007_default_lapin-on_lsym_g0.3,network_family_15,facebook-network-ego1912,True,0.155556,,,,,,,0.241133,0.382806,25.184807
008_default_lapin-on_lsym_g0.5,network_family_15,facebook-network-ego1912,True,0.155556,,,,,,,0.284446,0.45249,25.184807
009_default_lapin-on_lsym_g0.6,network_family_15,facebook-network-ego1912,True,0.155556,,,,,,,0.286916,0.487974,25.184807
010_default_lapin-on_lsym_g0.7,network_family_15,facebook-network-ego1912,True,0.155556,,,,,,,0.308958,0.575696,25.184807
011_default_lapin-on_lsym_g0.8,network_family_15,facebook-network-ego1912,True,0.155556,,,,,,,0.269181,0.563695,25.184807
012_default_lapin-on_lsym_g0.9,network_family_15,facebook-network-ego1912,True,0.155556,,,,,,,0.27414,0.551735,25.184807
001_default_lapin-off_-_-,network_family_2,us-political-blogs,False,4.0,0.226359,0.462188,0.132967,0.380119,0.228334,2.238765,,,15.52967
002_default_lapin-on_lsym_-,network_family_2,us-political-blogs,False,26.5,0.189052,0.443635,0.10573,0.326647,0.199466,3.169181,,,136.716127
001_default_lapin-off_-_-,network_family_3,books-about-us-politics,False,4.333333,0.231864,0.344797,0.098079,0.286833,0.302137,2.530911,,,0.112464
002_default_lapin-on_lsym_-,network_family_3,books-about-us-politics,False,1.0,0.456094,0.73667,0.487017,0.659297,0.478384,1.355108,,,0.079725
001_default_lapin-off_-_-,network_family_4,american-college-football,False,0.083333,0.814991,0.869478,0.763944,0.782967,0.861825,0.679823,,,0.128249
002_default_lapin-on_lsym_-,network_family_4,american-college-football,False,0.25,0.710797,0.744428,0.586788,0.643929,0.767239,1.059506,,,0.114379
001_default_lapin-off_-_-,network_family_5,email-eu-core,False,0.666667,0.535076,0.591582,0.394597,0.443454,0.578774,2.491769,,,12.532289
002_default_lapin-on_lsym_-,network_family_5,email-eu-core,False,0.166667,0.557952,0.601928,0.431587,0.459774,0.63093,2.401155,,,50.468612
001_default_lapin-off_-_g0.3,network_family_6,facebook-network-ego414,True,1.0,,,,,,,0.170742,0.297442,0.163764
002_default_lapin-off_-_g0.5,network_family_6,facebook-network-ego414,True,1.0,,,,,,,0.189512,0.371768,0.163764
003_default_lapin-off_-_g0.6,network_family_6,facebook-network-ego414,True,1.0,,,,,,,0.196618,0.355597,0.163764
004_default_lapin-off_-_g0.7,network_family_6,facebook-network-ego414,True,1.0,,,,,,,0.215519,0.292318,0.163764
005_default_lapin-off_-_g0.8,network_family_6,facebook-network-ego414,True,1.0,,,,,,,0.245166,0.264094,0.163764
006_default_lapin-off_-_g0.9,network_family_6,facebook-network-ego414,True,1.0,,,,,,,0.248573,0.233319,0.163764
007_default_lapin-on_lsym_g0.3,network_family_6,facebook-network-ego414,True,0.857143,,,,,,,0.393584,0.206767,0.25589
008_default_lapin-on_lsym_g0.5,network_family_6,facebook-network-ego414,True,0.857143,,,,,,,0.372598,0.241016,0.25589
009_default_lapin-on_lsym_g0.6,network_family_6,facebook-network-ego414,True,0.857143,,,,,,,0.357545,0.431303,0.25589
010_default_lapin-on_lsym_g0.7,network_family_6,facebook-network-ego414,True,0.857143,,,,,,,0.35152,0.457995,0.25589
011_default_lapin-on_lsym_g0.8,network_family_6,facebook-network-ego414,True,0.857143,,,,,,,0.350104,0.44447,0.25589
012_default_lapin-on_lsym_g0.9,network_family_6,facebook-network-ego414,True,0.857143,,,,,,,0.327404,0.38338,0.25589
001_default_lapin-off_-_g0.3,network_family_7,facebook-network-ego107,True,1.333333,,,,,,,0.117126,0.2065,27.63939
002_default_lapin-off_-_g0.5,network_family_7,facebook-network-ego107,True,1.333333,,,,,,,0.138956,0.254398,27.63939
003_default_lapin-off_-_g0.6,network_family_7,facebook-network-ego107,True,1.333333,,,,,,,0.151774,0.233897,27.63939
004_default_lapin-off_-_g0.7,network_family_7,facebook-network-ego107,True,1.333333,,,,,,,0.156758,0.210066,27.63939
005_default_lapin-off_-_g0.8,network_family_7,facebook-network-ego107,True,1.333333,,,,,,,0.153092,0.178839,27.63939
006_default_lapin-off_-_g0.9,network_family_7,facebook-network-ego107,True,1.333333,,,,,,,0.166354,0.155637,27.63939
007_default_lapin-on_lsym_g0.3,network_family_7,facebook-network-ego107,True,2.333333,,,,,,,0.221829,0.526221,69.739757
008_default_lapin-on_lsym_g0.5,network_family_7,facebook-network-ego107,True,2.111111,,,,,,,0.29105,0.507787,69.739757
009_default_lapin-on_lsym_g0.6,network_family_7,facebook-network-ego107,True,2.0,,,,,,,0.314976,0.503324,69.739757
010_default_lapin-on_lsym_g0.7,network_family_7,facebook-network-ego107,True,2.0,,,,,,,0.332418,0.497277,69.739757
011_default_lapin-on_lsym_g0.8,network_family_7,facebook-network-ego107,True,2.0,,,,,,,0.343151,0.497187,69.739757
012_default_lapin-on_lsym_g0.9,network_family_7,facebook-network-ego107,True,1.888889,,,,,,,0.363228,0.499532,69.739757
001_default_lapin-off_-_g0.3,network_family_8,facebook-network-ego698,True,0.444444,,,,,,,0.341174,0.288728,0.006293
002_default_lapin-off_-_g0.5,network_family_8,facebook-network-ego698,True,0.444444,,,,,,,0.338501,0.211856,0.006293
003_default_lapin-off_-_g0.6,network_family_8,facebook-network-ego698,True,0.444444,,,,,,,0.319463,0.24833,0.006293
004_default_lapin-off_-_g0.7,network_family_8,facebook-network-ego698,True,0.444444,,,,,,,0.30524,0.215118,0.006293
005_default_lapin-off_-_g0.8,network_family_8,facebook-network-ego698,True,0.444444,,,,,,,0.315144,0.218169,0.006293
006_default_lapin-off_-_g0.9,network_family_8,facebook-network-ego698,True,0.444444,,,,,,,0.310902,0.200025,0.006293
007_default_lapin-on_lsym_g0.3,network_family_8,facebook-network-ego698,True,0.222222,,,,,,,0.399221,0.380147,0.018258
008_default_lapin-on_lsym_g0.5,network_family_8,facebook-network-ego698,True,0.222222,,,,,,,0.341392,0.327353,0.018258
009_default_lapin-on_lsym_g0.6,network_family_8,facebook-network-ego698,True,0.222222,,,,,,,0.330385,0.322264,0.018258
010_default_lapin-on_lsym_g0.7,network_family_8,facebook-network-ego698,True,0.222222,,,,,,,0.361433,0.289382,0.018258
011_default_lapin-on_lsym_g0.8,network_family_8,facebook-network-ego698,True,0.222222,,,,,,,0.353249,0.279925,0.018258
012_default_lapin-on_lsym_g0.9,network_family_8,facebook-network-ego698,True,0.222222,,,,,,,0.326998,0.196104,0.018258
001_default_lapin-off_-_g0.3,network_family_9,facebook-network-ego3980,True,0.363636,,,,,,,0.19705,0.259761,0.016838
002_default_lapin-off_-_g0.5,network_family_9,facebook-network-ego3980,True,0.363636,,,,,,,0.196702,0.217094,0.016838
003_default_lapin-off_-_g0.6,network_family_9,facebook-network-ego3980,True,0.363636,,,,,,,0.198687,0.14177,0.016838
004_default_lapin-off_-_g0.7,network_family_9,facebook-network-ego3980,True,0.363636,,,,,,,0.221735,0.168027,0.016838
005_default_lapin-off_-_g0.8,network_family_9,facebook-network-ego3980,True,0.363636,,,,,,,0.200262,0.203474,0.016838
006_default_lapin-off_-_g0.9,network_family_9,facebook-network-ego3980,True,0.363636,,,,,,,0.232323,0.214296,0.016838
007_default_lapin-on_lsym_g0.3,network_family_9,facebook-network-ego3980,True,0.181818,,,,,,,0.120986,0.125657,0.037576
008_default_lapin-on_lsym_g0.5,network_family_9,facebook-network-ego3980,True,0.181818,,,,,,,0.123395,0.149968,0.037576
009_default_lapin-on_lsym_g0.6,network_family_9,facebook-network-ego3980,True,0.181818,,,,,,,0.139494,0.163197,0.037576
010_default_lapin-on_lsym_g0.7,network_family_9,facebook-network-ego3980,True,0.181818,,,,,,,0.140933,0.107165,0.037576
011_default_lapin-on_lsym_g0.8,network_family_9,facebook-network-ego3980,True,0.181818,,,,,,,0.169313,0.086661,0.037576
012_default_lapin-on_lsym_g0.9,network_family_9,facebook-network-ego3980,True,0.181818,,,,,,,0.166353,0.05824,0.037576
