Algorithm,Network,n,mu,on,om,inst,ONMI,Reported Std ONMI,Omega,Reported Std Omega,|K'-K|/K,Reported Std |K'-K|/K,Runtime,Reported Std Runtime
FADDIS,n1000mu0.4on200om2inst1,1000,0.4,200,2,1,0.645378,,0.664386,,0.095238,,9.274793,
FADDIS,n1000mu0.4on200om2inst2,1000,0.4,200,2,2,0.497748,,0.545428,,0.3,,10.403876,
FADDIS,n1000mu0.4on200om2inst3,1000,0.4,200,2,3,0.720684,,0.717226,,0.16,,11.493134,
FADDIS,n1000mu0.4on200om2inst4,1000,0.4,200,2,4,0.526531,,0.571533,,0.083333,,10.413745,
FADDIS,n1000mu0.4on200om2inst5,1000,0.4,200,2,5,0.590925,,0.606037,,0.083333,,8.562772,
FADDIS,n1000mu0.4on200om2inst6,1000,0.4,200,2,6,0.634544,,0.642567,,0.08,,10.471903,
FADDIS,n1000mu0.4on200om2inst7,1000,0.4,200,2,7,0.66819,,0.695247,,0.090909,,9.631197,
FADDIS,n1000mu0.4on200om2inst8,1000,0.4,200,2,8,0.579597,,0.602095,,0.037037,,10.413129,
FADDIS,n1000mu0.4on200om2inst9,1000,0.4,200,2,9,0.636583,,0.650652,,0.041667,,9.363676,
FADDIS,n1000mu0.4on200om2inst10,1000,0.4,200,2,10,0.62778,,0.66583,,0.08,,10.689582,
SLPA,n1000mu0.4on200om2inst1,1000,0.4,200,2,1,0.5853060197529006,0.0868996966221939,0.3853561622617703,0.126365507365947,0.0793650793650793,0.0727392967453307,8.713363,
SLPA,n1000mu0.4on200om2inst2,1000,0.4,200,2,2,0.5865074006911337,0.0830607488721375,0.478908561058057,0.1613131510427035,0.6,0.0999999999999999,8.659352,
SLPA,n1000mu0.4on200om2inst3,1000,0.4,200,2,3,0.6004742350191565,0.0251967480241264,0.4745851704920056,0.1565585619268845,0.1066666666666666,0.0611010092660778,8.617649,
SLPA,n1000mu0.4on200om2inst4,1000,0.4,200,2,4,0.6128942193787378,0.0598373778776813,0.6430127766936237,0.1365728263988782,0.5833333333333334,0.2916666666666667,8.645605,
SLPA,n1000mu0.4on200om2inst5,1000,0.4,200,2,5,0.7155653446701283,0.0631164215286626,0.6867424006999898,0.1185879425088877,0.1388888888888888,0.0481125224324688,8.470416,
SLPA,n1000mu0.4on200om2inst6,1000,0.4,200,2,6,0.5690338976106486,0.0172905898277789,0.5101584245561307,0.0660673684579629,0.3066666666666667,0.0832666399786453,8.616885,
SLPA,n1000mu0.4on200om2inst7,1000,0.4,200,2,7,0.3946061379414294,0.2602972406001688,0.3799503334589968,0.3405732265167797,0.6818181818181818,0.360784269690626,8.481777,
SLPA,n1000mu0.4on200om2inst8,1000,0.4,200,2,8,0.4970569790772869,0.1206359367587028,0.2298055497428046,0.1758306157930271,0.3333333333333333,0.1283000598199168,8.599784,
SLPA,n1000mu0.4on200om2inst9,1000,0.4,200,2,9,0.5864664259746394,0.141876899403189,0.4866823999653895,0.313380091905141,0.3333333333333333,0.1502313031443328,8.670879,
SLPA,n1000mu0.4on200om2inst10,1000,0.4,200,2,10,0.7247177450410222,0.0595233484255243,0.7098215426505633,0.1221046658804863,0.24,0.1442220510185595,8.589367,
FADDIS,n1000mu0.4on200om3inst1,1000,0.4,200,3,1,0.476287,,0.505498,,0.09375,,11.511268,
FADDIS,n1000mu0.4on200om3inst2,1000,0.4,200,3,2,0.576441,,0.564546,,0.038462,,11.079565,
FADDIS,n1000mu0.4on200om3inst3,1000,0.4,200,3,3,0.515812,,0.547844,,0.1,,10.310833,
FADDIS,n1000mu0.4on200om3inst4,1000,0.4,200,3,4,0.515658,,0.532363,,0.034483,,11.856965,
FADDIS,n1000mu0.4on200om3inst5,1000,0.4,200,3,5,0.394563,,0.428785,,0.071429,,10.790473,
FADDIS,n1000mu0.4on200om3inst6,1000,0.4,200,3,6,0.560428,,0.579012,,0.034483,,11.644825,
FADDIS,n1000mu0.4on200om3inst7,1000,0.4,200,3,7,0.493945,,0.509011,,0.066667,,11.5388,
FADDIS,n1000mu0.4on200om3inst8,1000,0.4,200,3,8,0.509389,,0.513895,,0.0,,12.120753,
FADDIS,n1000mu0.4on200om3inst9,1000,0.4,200,3,9,0.476346,,0.47256,,0.033333,,12.945157,
FADDIS,n1000mu0.4on200om3inst10,1000,0.4,200,3,10,0.445655,,0.493922,,0.12,,8.947905,
SLPA,n1000mu0.4on200om3inst1,1000,0.4,200,3,1,0.5278895250204078,0.0378031675471641,0.4679701249778254,0.0914165032065007,0.1145833333333333,0.0360843918243516,8.672077,
SLPA,n1000mu0.4on200om3inst2,1000,0.4,200,3,2,0.4611569717153196,0.0734687555345315,0.4113407973698104,0.1222315902738535,0.1666666666666666,0.2253640491185505,8.830879,
SLPA,n1000mu0.4on200om3inst3,1000,0.4,200,3,3,0.4656598510602068,0.073504784213403,0.3495965396357028,0.1925186748739254,0.1333333333333333,0.1201850425154663,8.995391,
SLPA,n1000mu0.4on200om3inst4,1000,0.4,200,3,4,0.4741851882693537,0.0072021662480905,0.3732622932864924,0.0393266062563494,0.0229885057471264,0.019908629972056,8.767424,
SLPA,n1000mu0.4on200om3inst5,1000,0.4,200,3,5,0.4752099724628627,0.050676960594357,0.4469639820083932,0.1232253979086221,0.119047619047619,0.0898789813722708,8.509123,
SLPA,n1000mu0.4on200om3inst6,1000,0.4,200,3,6,0.4283497652588788,0.1152847417305872,0.2824775456625909,0.170005599601479,0.1839080459770115,0.1108465604711834,8.573301,
SLPA,n1000mu0.4on200om3inst7,1000,0.4,200,3,7,0.5187938777064293,0.0299874316836715,0.5145533707332272,0.029988569528371,0.0999999999999999,0.0881917103688196,8.633396,
SLPA,n1000mu0.4on200om3inst8,1000,0.4,200,3,8,0.371752226329655,0.0433106392977656,0.3139403416927104,0.078096969068748,0.2758620689655173,0.215344758565462,8.33115,
SLPA,n1000mu0.4on200om3inst9,1000,0.4,200,3,9,0.5304421654116616,0.0443860868195002,0.4862820417309767,0.0806980508563865,0.0555555555555555,0.038490017945975,8.741211,
SLPA,n1000mu0.4on200om3inst10,1000,0.4,200,3,10,0.4240204997740255,0.0352089652001667,0.3790865883939402,0.0862036797016106,0.16,0.12,8.596831,
FADDIS,n1000mu0.4on200om4inst1,1000,0.4,200,4,1,0.367145,,0.418276,,0.034483,,11.593358,
FADDIS,n1000mu0.4on200om4inst2,1000,0.4,200,4,2,0.477012,,0.4873,,0.068966,,12.96098,
FADDIS,n1000mu0.4on200om4inst3,1000,0.4,200,4,3,0.39304,,0.436157,,0.138889,,12.907191,
FADDIS,n1000mu0.4on200om4inst4,1000,0.4,200,4,4,0.288415,,0.361761,,0.121212,,12.211253,
FADDIS,n1000mu0.4on200om4inst5,1000,0.4,200,4,5,0.428017,,0.463334,,0.032258,,12.537648,
FADDIS,n1000mu0.4on200om4inst6,1000,0.4,200,4,6,0.417849,,0.452937,,0.030303,,13.367913,
FADDIS,n1000mu0.4on200om4inst7,1000,0.4,200,4,7,0.463595,,0.458455,,0.129032,,14.720175,
FADDIS,n1000mu0.4on200om4inst8,1000,0.4,200,4,8,0.353522,,0.406447,,0.114286,,13.002829,
FADDIS,n1000mu0.4on200om4inst9,1000,0.4,200,4,9,0.439451,,0.430248,,0.032258,,13.445454,
FADDIS,n1000mu0.4on200om4inst10,1000,0.4,200,4,10,0.377634,,0.436169,,0.121212,,12.142656,
SLPA,n1000mu0.4on200om4inst1,1000,0.4,200,4,1,0.359010532290018,0.0154736294139421,0.3799932658261356,0.0349158661974422,0.2068965517241379,0.1919918745803455,8.74232,
SLPA,n1000mu0.4on200om4inst2,1000,0.4,200,4,2,0.3993115081540637,0.0308379976473542,0.3887424214411468,0.0399210729908359,0.1379310344827586,0.1503068601220922,8.638619,
SLPA,n1000mu0.4on200om4inst3,1000,0.4,200,4,3,0.4609926308263244,0.0362313740608678,0.4986725765173181,0.0482923838568062,0.1203703703703703,0.0641500299099584,8.68613,
SLPA,n1000mu0.4on200om4inst4,1000,0.4,200,4,4,0.4248380251000753,0.0642535609456247,0.3970249480700742,0.1859526823101929,0.101010101010101,0.0974106137474035,8.606178,
SLPA,n1000mu0.4on200om4inst5,1000,0.4,200,4,5,0.3095149815860255,0.0993454652274815,0.2773451839777019,0.1804614366676751,0.2150537634408601,0.2891253690268549,8.58011,
SLPA,n1000mu0.4on200om4inst6,1000,0.4,200,4,6,0.4133612655744296,0.0153175639281933,0.3482778149418854,0.0396213436873147,0.0909090909090909,0.0524863881081478,8.571526,
SLPA,n1000mu0.4on200om4inst7,1000,0.4,200,4,7,0.3880069281612532,0.0650398238589474,0.3698735863101458,0.1088005741343378,0.1827956989247311,0.1834271194541073,8.463722,
SLPA,n1000mu0.4on200om4inst8,1000,0.4,200,4,8,0.4838045080200201,0.0130886798416918,0.5203579603841204,0.0378488312915323,0.0857142857142857,0.0285714285714285,8.638879,
SLPA,n1000mu0.4on200om4inst9,1000,0.4,200,4,9,0.4625322486771114,0.0695046113070011,0.4941153082573511,0.0793636832344956,0.2580645161290322,0.1406096433400217,8.732978,
SLPA,n1000mu0.4on200om4inst10,1000,0.4,200,4,10,0.3562926552308368,0.0835984002387768,0.279901809246673,0.2026368136568711,0.2424242424242424,0.0801742821534724,8.711836,
FADDIS,n1000mu0.4on200om5inst1,1000,0.4,200,5,1,0.254993,,0.332047,,0.209302,,14.070726,
FADDIS,n1000mu0.4on200om5inst2,1000,0.4,200,5,2,0.353553,,0.393347,,0.0,,13.69668,
FADDIS,n1000mu0.4on200om5inst3,1000,0.4,200,5,3,0.201383,,0.329169,,0.263158,,11.801843,
FADDIS,n1000mu0.4on200om5inst4,1000,0.4,200,5,4,0.335291,,0.379569,,0.114286,,12.877396,
FADDIS,n1000mu0.4on200om5inst5,1000,0.4,200,5,5,0.310546,,0.368438,,0.085714,,13.154502,
FADDIS,n1000mu0.4on200om5inst6,1000,0.4,200,5,6,0.264864,,0.368024,,0.194444,,12.314287,
FADDIS,n1000mu0.4on200om5inst7,1000,0.4,200,5,7,0.324764,,0.396993,,0.114286,,13.043892,
FADDIS,n1000mu0.4on200om5inst8,1000,0.4,200,5,8,0.29433,,0.326743,,0.083333,,13.599938,
FADDIS,n1000mu0.4on200om5inst9,1000,0.4,200,5,9,0.387061,,0.418291,,0.108108,,13.724042,
FADDIS,n1000mu0.4on200om5inst10,1000,0.4,200,5,10,0.277101,,0.371131,,0.121212,,11.978708,
SLPA,n1000mu0.4on200om5inst1,1000,0.4,200,5,1,0.2834035527983774,0.0811920417858878,0.2833611764318568,0.1650580806718355,0.1782945736434108,0.2282547575865962,8.661799,
SLPA,n1000mu0.4on200om5inst2,1000,0.4,200,5,2,0.3653747476042481,0.0212595791735222,0.4279944175583799,0.0503247193192814,0.0686274509803921,0.0740179846595171,8.797278,
SLPA,n1000mu0.4on200om5inst3,1000,0.4,200,5,3,0.1606048906394497,0.0335267472598402,0.0834524450723387,0.0264901853362755,0.5789473684210527,0.0948829283016839,8.820079,
SLPA,n1000mu0.4on200om5inst4,1000,0.4,200,5,4,0.3329227663413947,0.0447048394925674,0.3418337484394317,0.1115338712357414,0.1714285714285714,0.1245399698154478,8.788854,
SLPA,n1000mu0.4on200om5inst5,1000,0.4,200,5,5,0.3377875893692549,0.0475819049905407,0.4014248106668721,0.0344562392265761,0.1333333333333333,0.1624640200879236,8.518431,
SLPA,n1000mu0.4on200om5inst6,1000,0.4,200,5,6,0.3536644196647595,0.0358482220422373,0.3834454917292039,0.124815045846131,0.1111111111111111,0.0734930919740164,8.577432,
SLPA,n1000mu0.4on200om5inst7,1000,0.4,200,5,7,0.3531745997406868,0.0493033925359845,0.3936884001600072,0.080723457603302,0.1047619047619047,0.0918442929618376,8.642117,
SLPA,n1000mu0.4on200om5inst8,1000,0.4,200,5,8,0.2087020027281979,0.1297113350629655,0.2391728015017299,0.182776525756059,0.4259259259259259,0.3290621415540159,8.276357,
SLPA,n1000mu0.4on200om5inst9,1000,0.4,200,5,9,0.3041908788698608,0.0642782283078629,0.329526963399181,0.1301452219605945,0.1801801801801802,0.1716446746239428,8.638478,
SLPA,n1000mu0.4on200om5inst10,1000,0.4,200,5,10,0.2228852619832303,0.1114700624426758,0.2253650898973896,0.1824028723252778,0.2929292929292929,0.326842215906332,8.600633,
FADDIS,n1000mu0.4on200om6inst1,1000,0.4,200,6,1,0.292684,,0.356363,,0.153846,,13.655754,
FADDIS,n1000mu0.4on200om6inst2,1000,0.4,200,6,2,0.238781,,0.350501,,0.282051,,11.811852,
FADDIS,n1000mu0.4on200om6inst3,1000,0.4,200,6,3,0.208501,,0.32435,,0.255814,,13.236213,
FADDIS,n1000mu0.4on200om6inst4,1000,0.4,200,6,4,0.287626,,0.356566,,0.184211,,12.983972,
FADDIS,n1000mu0.4on200om6inst5,1000,0.4,200,6,5,0.208965,,0.320556,,0.162791,,13.992317,
FADDIS,n1000mu0.4on200om6inst6,1000,0.4,200,6,6,0.25692,,0.3468,,0.195122,,13.523211,
FADDIS,n1000mu0.4on200om6inst7,1000,0.4,200,6,7,0.194685,,0.322025,,0.204545,,14.373665,
FADDIS,n1000mu0.4on200om6inst8,1000,0.4,200,6,8,0.218829,,0.347508,,0.216216,,11.51279,
FADDIS,n1000mu0.4on200om6inst9,1000,0.4,200,6,9,0.182147,,0.31823,,0.176471,,11.295798,
FADDIS,n1000mu0.4on200om6inst10,1000,0.4,200,6,10,0.192832,,0.305551,,0.146341,,14.219435,
SLPA,n1000mu0.4on200om6inst1,1000,0.4,200,6,1,0.2089969878173947,0.0470767199420556,0.1213726543661305,0.0673731184410649,0.4102564102564103,0.1427631887905133,8.546123,
SLPA,n1000mu0.4on200om6inst2,1000,0.4,200,6,2,0.2972211433910264,0.0536162854693735,0.3719700946746789,0.0723453000417692,0.0854700854700854,0.0645284994467585,8.819349,
SLPA,n1000mu0.4on200om6inst3,1000,0.4,200,6,3,0.2601055146450549,0.0303478599500512,0.3308762449658162,0.0495961547483427,0.1627906976744186,0.0465116279069767,8.713105,
SLPA,n1000mu0.4on200om6inst4,1000,0.4,200,6,4,0.2912347332669274,0.0161442655213199,0.3674113245718673,0.0339423595697112,0.1140350877192982,0.0547806841964771,8.889056,
SLPA,n1000mu0.4on200om6inst5,1000,0.4,200,6,5,0.2409765465179132,0.0732463360672068,0.2651926496090211,0.169825327516313,0.2325581395348837,0.3023255813953489,8.56499,
SLPA,n1000mu0.4on200om6inst6,1000,0.4,200,6,6,0.2315587612961717,0.1371925902335453,0.2072951183267355,0.1887830877930144,0.3983739837398374,0.3329365077958255,8.537566,
SLPA,n1000mu0.4on200om6inst7,1000,0.4,200,6,7,0.1935305527951436,0.0140573220089831,0.1413529448100006,0.015707905322307,0.4545454545454545,0.0819443471696361,8.907298,
SLPA,n1000mu0.4on200om6inst8,1000,0.4,200,6,8,0.299340842173963,0.0022463066343634,0.3839239080496977,0.02835623459931,0.045045045045045,0.0156040613294493,8.630467,
SLPA,n1000mu0.4on200om6inst9,1000,0.4,200,6,9,0.2040535460460656,0.1636139079081232,0.240473016307521,0.2115726664529295,0.4411764705882353,0.4392113095020023,8.711955,
SLPA,n1000mu0.4on200om6inst10,1000,0.4,200,6,10,0.1710029432578617,0.0484062086203089,0.1673273319704345,0.0714911245757926,0.3170731707317073,0.2475339406120053,8.580272,
FADDIS,n1000mu0.4on200om7inst1,1000,0.4,200,7,1,0.214795,,0.318685,,0.276596,,13.658916,
FADDIS,n1000mu0.4on200om7inst2,1000,0.4,200,7,2,0.128275,,0.285363,,0.340909,,11.713788,
FADDIS,n1000mu0.4on200om7inst3,1000,0.4,200,7,3,0.152235,,0.294798,,0.181818,,13.914598,
FADDIS,n1000mu0.4on200om7inst4,1000,0.4,200,7,4,0.163621,,0.277896,,0.340426,,12.690662,
FADDIS,n1000mu0.4on200om7inst5,1000,0.4,200,7,5,0.130603,,0.287995,,0.266667,,13.483311,
FADDIS,n1000mu0.4on200om7inst6,1000,0.4,200,7,6,0.21463,,0.300014,,0.15,,14.15848,
FADDIS,n1000mu0.4on200om7inst7,1000,0.4,200,7,7,0.231545,,0.316504,,0.276596,,13.949206,
FADDIS,n1000mu0.4on200om7inst8,1000,0.4,200,7,8,0.215421,,0.297894,,0.139535,,14.535614,
FADDIS,n1000mu0.4on200om7inst9,1000,0.4,200,7,9,0.146569,,0.274196,,0.244444,,13.779189,
FADDIS,n1000mu0.4on200om7inst10,1000,0.4,200,7,10,0.156758,,0.291436,,0.288889,,12.667076,
SLPA,n1000mu0.4on200om7inst1,1000,0.4,200,7,1,0.2183069251196651,0.0209609299164308,0.3368873402752694,0.0185572384754704,0.1347517730496453,0.0122840482806303,8.706314,
SLPA,n1000mu0.4on200om7inst2,1000,0.4,200,7,2,0.1874256234442842,0.0109934687853597,0.2716706389005379,0.0731405008649743,0.1515151515151515,0.0347164825375442,8.449563,
SLPA,n1000mu0.4on200om7inst3,1000,0.4,200,7,3,0.1864619287705332,0.0384756372907104,0.2287318098628624,0.0562978492285813,0.1818181818181818,0.1419317726908726,8.695657,
SLPA,n1000mu0.4on200om7inst4,1000,0.4,200,7,4,0.1974969262108886,0.0749149076590119,0.2681715155541275,0.1562213494670159,0.2695035460992908,0.2660283593405823,8.748054,
SLPA,n1000mu0.4on200om7inst5,1000,0.4,200,7,5,0.2426324373354451,0.0362270646034504,0.2990134510157862,0.0728584564823697,0.0962962962962962,0.0513200239279667,8.484651,
SLPA,n1000mu0.4on200om7inst6,1000,0.4,200,7,6,0.1690916429380195,0.0431773185157757,0.1744358734950142,0.1035434163759138,0.25,0.25,8.552344,
SLPA,n1000mu0.4on200om7inst7,1000,0.4,200,7,7,0.2559038788665033,0.01608453999292,0.3424853994590233,0.0218664522400847,0.0780141843971631,0.0650010736873168,8.722304,
SLPA,n1000mu0.4on200om7inst8,1000,0.4,200,7,8,0.2087027397119485,0.0052927262558074,0.2803485875180534,0.0792222128532667,0.1395348837209302,0.1395348837209302,8.690317,
SLPA,n1000mu0.4on200om7inst9,1000,0.4,200,7,9,0.1806761272643078,0.0531129621953831,0.2095614199104004,0.0793371699463619,0.2148148148148148,0.078041879650761,8.788832,
SLPA,n1000mu0.4on200om7inst10,1000,0.4,200,7,10,0.1221639119001319,0.0586475323748697,0.1764256647609134,0.1330845662999184,0.3407407407407407,0.4241670608065306,8.384051,
FADDIS,n1000mu0.4on200om8inst1,1000,0.4,200,8,1,0.180095,,0.268399,,0.26087,,13.731541,
FADDIS,n1000mu0.4on200om8inst2,1000,0.4,200,8,2,0.141091,,0.289473,,0.276596,,13.305021,
FADDIS,n1000mu0.4on200om8inst3,1000,0.4,200,8,3,0.126756,,0.262554,,0.388889,,13.019685,
FADDIS,n1000mu0.4on200om8inst4,1000,0.4,200,8,4,0.13061,,0.260016,,0.304348,,13.184788,
FADDIS,n1000mu0.4on200om8inst5,1000,0.4,200,8,5,0.150192,,0.286331,,0.255319,,14.316987,
FADDIS,n1000mu0.4on200om8inst6,1000,0.4,200,8,6,0.128882,,0.260653,,0.254902,,15.004337,
FADDIS,n1000mu0.4on200om8inst7,1000,0.4,200,8,7,0.174306,,0.282535,,0.276596,,13.375438,
FADDIS,n1000mu0.4on200om8inst8,1000,0.4,200,8,8,0.145674,,0.263005,,0.3,,14.279947,
FADDIS,n1000mu0.4on200om8inst9,1000,0.4,200,8,9,0.135184,,0.264261,,0.26087,,13.998611,
FADDIS,n1000mu0.4on200om8inst10,1000,0.4,200,8,10,0.137875,,0.267361,,0.26087,,13.542379,
SLPA,n1000mu0.4on200om8inst1,1000,0.4,200,8,1,0.0646241724583417,0.0677198338861114,0.0861048262119708,0.1402355281980778,0.6231884057971014,0.4724615452957402,8.569664,
SLPA,n1000mu0.4on200om8inst2,1000,0.4,200,8,2,0.1744232949977432,0.0421646557430892,0.2425497509886638,0.1323475068575965,0.2127659574468085,0.2453736722270381,8.513136,
SLPA,n1000mu0.4on200om8inst3,1000,0.4,200,8,3,0.2041131162991024,0.0239427521299862,0.324479159041542,0.0091752007470515,0.0555555555555555,0.0555555555555555,8.508797,
SLPA,n1000mu0.4on200om8inst4,1000,0.4,200,8,4,0.159853413164705,0.0334587157142805,0.3038241761245938,0.0286110347471292,0.0579710144927536,0.0547089451831213,8.67005,
SLPA,n1000mu0.4on200om8inst5,1000,0.4,200,8,5,0.12622466964642,0.0180059275656931,0.2499955216662913,0.0531915857287004,0.2695035460992908,0.0805518914297911,8.567078,
SLPA,n1000mu0.4on200om8inst6,1000,0.4,200,8,6,0.1288761413689008,0.0664230693395739,0.2109113157148635,0.1678463349535826,0.3333333333333333,0.4273430336804582,8.472389,
SLPA,n1000mu0.4on200om8inst7,1000,0.4,200,8,7,0.0767033200062639,0.0673334658659146,0.1803996137141539,0.1563315820923026,0.4609929078014184,0.4692120540999458,8.405377,
SLPA,n1000mu0.4on200om8inst8,1000,0.4,200,8,8,0.179569044850772,0.0398139469583447,0.2488258299332841,0.0788135156512759,0.2066666666666666,0.1446835627614047,8.494654,
SLPA,n1000mu0.4on200om8inst9,1000,0.4,200,8,9,0.1879255326824962,0.0211167608963659,0.3253107735500778,0.0111943714576613,0.1014492753623188,0.0332070702533031,8.601768,
SLPA,n1000mu0.4on200om8inst10,1000,0.4,200,8,10,0.1561265603357449,0.0215701547236194,0.1969456138731472,0.1172801881717442,0.2898550724637681,0.2752669552640954,8.621133,
