Cluster,Contribution,Eigenvalue,Eigenvalue Rank,Intensity,Weight
0,0.1396,1.7742,2/999,1.1314,1.28
I,0.1035,1.7048,9/999,1.0496,1.1017
II,0.0804,1.6696,14/999,0.9856,0.9714
III,0.0673,1.7686,2/999,0.9426,0.8885
IV,0.0573,1.6839,10/999,0.9056,0.8202
V,0.0493,1.6199,23/999,0.8722,0.7607
VI,0.0374,1.7483,2/999,0.8136,0.662
VII,0.0409,1.6226,22/999,0.8323,0.6927
VIII,0.0236,1.5575,41/999,0.7257,0.5266
IX,0.0186,1.5496,43/999,0.6836,0.4672
X,0.0143,1.5376,45/999,0.6401,0.4097
XI,0.0114,1.5657,38/999,0.6048,0.3657
XII,0.0092,1.5952,28/999,0.5729,0.3282
XIII,0.0074,1.6243,21/999,0.5431,0.295
XIV,0.0058,1.6312,19/999,0.5113,0.2614
XV,0.0068,1.5394,41/999,0.5308,0.2817
XVI,0.0038,1.6814,9/999,0.4591,0.2108
XVII,0.0055,1.5917,26/999,0.5035,0.2535
XVIII,0.0036,1.5725,31/999,0.4547,0.2068
XIX,0.0026,1.6021,22/999,0.4174,0.1742
XX,0.0017,1.5878,25/999,0.3782,0.1431
XXI,0.0011,1.4796,65/999,0.3338,0.1114
XXII,0.0011,1.5688,30/999,0.3345,0.1119
XXIII,0.001,1.5363,36/999,0.3304,0.1092
XXIV,0.0006,1.6387,16/999,0.286,0.0818
XXV,0.0006,1.5123,48/999,0.2926,0.0856
XXVI,0.0003,1.6134,19/999,0.2462,0.0606
XXVII,0.0002,1.7439,2/999,0.2176,0.0474
XXVIII,0.0002,1.6953,7/999,0.2089,0.0437
