Node,Cluster_0,Cluster_I,Cluster_II,Cluster_III,Cluster_IV,Cluster_V,Cluster_VI,Cluster_VII,Predicted Label,Ground-Truth Label
0,0.10811413851686412,0.38915321176287143,0.0512853535418946,0.0,0.09229625480708055,0.08166525914591174,0.10139340060892356,0.0,[1],[7]
1,0.2276863777462736,0.0,0.24480223142201352,0.0,0.05831743860847834,0.24050938932701535,0.23313583468792204,0.05092216909920875,"[2, 5, 6]",[8]
2,0.0044657571219729455,0.05168395922726735,0.0014388449664943053,0.0,0.0,0.189096379594977,0.0,0.02903726958743578,[5],[4]
3,0.042222967214945464,0.2800051561947167,0.005170027044191329,0.0,0.0,0.4972563222084754,0.0,0.04639777528542114,[5],[4]
4,0.18045664140477635,0.0,0.0,0.30438142859643097,0.0,0.0,0.0,0.0,[3],[4]
5,0.1726297488791949,0.0,0.3200034913402848,0.0,0.0,0.0,0.0,0.37993480884223296,"[2, 7]",[5]
6,0.3210894353130646,0.28006301152306345,0.0,0.16061316290798566,0.17872644741477098,0.0,0.04756201206634426,0.0,[1],[4]
7,0.12749855086490558,0.0018641470088289092,0.0,0.017484244507203997,0.017616175338655227,0.0,0.0,0.0,"[3, 4]",[10]
8,0.17129723006571435,0.029988018679462342,0.0,0.299883346024642,0.012368411683431581,0.0,0.0,0.0,[3],[4]
9,0.26088400771444686,0.0,0.0,0.3564751288161182,0.0,0.0,0.0,0.0,[3],[4]
10,0.09666196926412066,0.47187478455173326,0.0,0.0,0.01479205441515866,0.0,0.10374907274192081,0.0,[1],[4]
11,0.22618324324530123,0.0,0.2861409355578237,0.0,0.0,0.05887024837308206,0.0428181855938229,0.364019954467429,"[2, 7]",[5]
12,0.26340114047516355,0.008121146315080045,0.0,0.3923705230527111,0.0,0.13394457168511392,0.26616800858615497,0.0,[3],[4]
13,0.0731951645517095,0.30706832394939193,0.0007772674691118377,0.0,0.10105699704694403,0.0,0.19438756646216593,0.0,[1],[2]
14,0.14265426386395239,0.31394178519817106,0.14496854298406212,0.0,0.43660516512834363,0.013447456666323677,0.0,0.0,"[1, 4]",[10]
15,0.35441298136767196,0.0,0.17940155036574643,0.0,0.0,0.0,0.0,0.11421268703225333,[2],[5]
16,0.12434342416980552,0.0,0.2200121524266899,0.0,0.3088928786054342,0.019640440602046085,0.0030723411777068247,0.0,"[2, 4]",[5]
17,0.29491415279727295,0.0,0.026992765996768087,0.003717367105572767,0.0,0.04068926919311351,0.043996649460840934,0.07184705682529495,[7],[9]
18,0.09034075170189693,0.25591531928806094,0.0,0.08765076964023504,0.0,0.4522856566316939,0.0,0.0,[5],[4]
19,0.06533836897859223,0.019989432757529717,0.06334372739405808,0.0,0.0,0.28943857611701185,0.04449078453964658,0.0,[5],[1]
20,0.09516253536239541,0.2966562867720444,0.06597163573203464,0.0,0.03857038667894224,0.45673248693784707,0.0,0.0,[5],[4]
21,0.1359657154751147,0.009510899065612387,0.2828353482102699,0.0,0.4382458065694031,0.015492609982858493,0.036035196604919,0.0,[4],[10]
22,0.08814549550950264,0.029347613711472806,0.19380150696250995,0.0,0.47511499486542147,0.0,0.0,0.0,[4],[10]
23,0.16717853089475365,0.0,0.3703763681268484,0.0,0.0,0.04443813464723924,0.0,0.4464254367453774,"[2, 7]",[6]
24,0.1401137726029397,0.0,0.37769195086579155,0.0,0.0,0.028445951101785574,0.0,0.45111189104492866,"[2, 7]",[6]
25,0.01481928247019438,0.0,0.0709603091554219,0.0,0.0,0.002517576757056285,0.0,0.10579827663532475,[7],[6]
26,0.24265654573074488,0.004361546609233259,0.0,0.4058010602294019,0.0,0.0,0.0,0.0,[3],[4]
27,0.03151040869721079,0.001905557863016014,0.0,0.10559121694079497,0.0,0.16424781002154545,0.31346922459908205,0.0,[6],[4]
28,0.03119163426776742,0.001850750811046515,0.0,0.10112264877665564,0.0,0.14334777219485897,0.2681952845300209,0.0,[6],[4]
29,0.23506034878842602,0.0,0.0,0.33199595093880907,0.0,0.0,0.0,0.0,[3],[0]
30,0.012712010953414463,0.1255948856919978,0.00308951698755834,0.0,0.0,0.0,0.22634632786541878,0.05453397002857958,[6],[4]
31,0.02352791277875984,0.2085532652965057,0.013777027407409177,0.0,0.0,0.0,0.5055511428314543,0.08189601026960247,[6],[0]
32,0.014215531825587416,0.15402518930583178,0.004128173200925276,0.0,0.0,0.0,0.38863921726454975,0.09053258766085696,[6],[4]
33,0.028881897593549272,0.0,0.1452350625733526,0.0,0.0,0.0,0.0,0.19921311563481645,"[2, 7]",[6]
34,0.17714180317130082,0.0374665305958071,0.0,0.43816787630138315,0.0,0.0,0.007569274738687567,0.0,[3],[4]
35,0.13295961269105702,0.0,0.3952881029249505,0.0,0.0,0.0,0.0,0.4234200150397017,"[2, 7]",[6]
36,0.07602414842403157,0.04085218996515047,0.2043083825348756,0.0,0.4882433196994697,0.06545026469561753,0.08213266912810462,0.0,[4],[10]
37,0.014215531825587418,0.15402518930583178,0.004128173200925248,0.0,0.0,0.0,0.38863921726454975,0.09053258766085698,[6],[4]
38,0.03561825623973836,0.04973703820833528,0.0,0.11154283388655621,0.0,0.17543007113331183,0.0,0.0,[5],[4]
39,0.03396036629164086,0.05169463828929611,0.0,0.025355630926379092,0.03925513952172582,0.0,0.005682253428461128,0.0,"[1, 4]",[4]
40,0.0033327319546132676,0.0003517320046379308,0.0,0.02361195875933465,0.0,0.07082776795755649,0.14397944655583014,0.0,[6],[4]
41,0.031744430595572776,0.0,0.14384211855434845,0.0,0.0,0.0,0.0,0.19865937503700062,"[2, 7]",[6]
42,0.0037672028274354915,0.009180570421556712,0.0,0.02625995795437235,0.0,0.07419191759974653,0.0,0.0005604949520846812,[5],[4]
43,0.004465757121972647,0.051683959227267394,0.0014388449664942077,0.0,0.0,0.18909637959497677,0.0,0.029037269587435865,[5],[3]
