Node,Cluster_0,Cluster_I,Cluster_II,Cluster_III,Cluster_IV,Cluster_V,Cluster_VI,Cluster_VII,Cluster_VIII,Cluster_IX,Cluster_X,Cluster_XI,Cluster_XII,Cluster_XIII,Cluster_XIV,Cluster_XV,Cluster_XVI,Cluster_XVII,Cluster_XVIII,Cluster_XIX,Cluster_XX,Cluster_XXI,Cluster_XXII,Cluster_XXIII,Predicted Label
0,0.0,0.0,0.1073375262241043,0.014666383942037184,0.0,0.027726321407694876,0.0,5.565938222980437e-13,0.0,0.0,0.0,2.2964961297838203e-10,2.04101977027995e-11,0.0,2.8090484945673112e-11,0.0,0.017152605616626137,0.01606312938631631,0.34050462634355905,0.023701101048345594,0.0011829559086297986,0.060756073914889776,0.0,0.0644479853517944,"[2, 18]"
1,0.0,0.0,0.0779645195276239,0.02419234641623459,0.0,0.0,0.0,2.902715018654251e-13,0.0,5.5588480873254875e-12,0.0,2.3543500356476155e-10,1.7259511892383582e-11,0.012864343616500079,4.069185251773042e-11,0.0,0.004148481538382768,0.0,0.19040064128587733,0.093849531173262,0.004697230708819438,0.0,0.0011840051466553004,0.0,"[2, 18, 19]"
2,0.0,0.0,0.11604345164532993,0.004427266216221418,0.0,0.027363754954136,0.0,1.8092857904491825e-13,1.5012662245158612e-12,1.5665464845976823e-11,2.919489305096262e-10,0.0,0.0,0.0,0.0,0.0,0.06124003216289113,0.0,0.005616335375347001,0.05633531770406738,0.0,0.1760289376043277,0.0012277924602723833,0.26102352870327516,"[2, 21, 23]"
3,0.0,0.0,0.16425189011757468,0.021225450589394162,0.0,0.0313068782745638,0.0,3.6556276982956975e-13,0.0,0.0,4.368974580708253e-10,0.0,0.0,0.0,1.0,0.0016455733792418168,0.09167361662739316,0.001418760619228822,0.03159011544170556,0.0,0.0,0.00038085073145830247,0.0,0.0,[14]
4,0.0,0.0,0.07146961362279727,0.009919607131772257,0.0,0.02799997775300651,0.0,0.0,0.0,0.0,2.772564142955156e-11,1.3686027709315742e-10,0.0,0.00689507320971943,8.246419088203931e-12,0.0,0.018080687385462306,0.06382993198375113,0.3535131400444015,0.0,0.0,0.07988519745650569,0.002330969608811856,0.035024699117563174,[18]
5,0.0,0.0,0.10910768905835182,0.019482838862263225,0.0,0.029135768671191838,0.0,9.067093109011115e-13,0.0,3.2195975722020898e-12,0.0,0.0,0.0,0.0,0.0,0.0,0.039376595579058475,0.030899942513719414,0.35628865441348306,0.0,0.0,0.027876489447299157,0.0,0.0,"[2, 18]"
6,0.0,0.0,0.1384879949856651,0.0,0.02536592544446836,0.0009393889425370662,0.0,6.37692286642987e-13,3.1650499389646344e-13,0.0,7.939153085340667e-11,0.0,1.234327649308058e-11,0.045737716477867736,0.0,0.0,0.0,0.03363120809465086,0.0,0.0,0.0,0.0,0.004223660888269841,0.0,"[2, 13]"
7,0.0,0.0,0.06920696625774067,0.0,0.0491303900329953,0.008025881495406183,0.0,1.0788824389743552e-13,5.656284938700955e-13,1.0667831015640092e-11,0.0,2.0336315689481317e-10,0.0,0.016954068079834683,2.491159085271736e-11,0.03479825425437832,0.0,0.015261388391740191,0.12867191193794023,0.07586217270759855,0.0,0.10575441292682095,0.0015812313889377015,0.14520133239109867,"[2, 4, 18, 19, 21, 23]"
8,0.0,0.0,0.0967720277411201,0.0,0.0,0.0,0.0,7.618947258782564e-13,0.0,9.390578777469102e-12,0.0,0.0,1.6869380396113085e-11,0.0,6.293906973916563e-11,0.002623348808261779,0.03777520941127911,0.0,0.07013504693804601,0.11394551600539755,0.0,0.07901034268349508,0.0017263770196829977,0.19936434526436966,"[2, 18, 19, 21, 23]"
9,0.0,0.0,0.1047044916705581,0.0,0.0,0.04860859674366863,0.0,1.5729179862014492e-12,3.346217894046341e-14,0.0,5.837854745919548e-11,1.2286324534151838e-10,2.8534408762156286e-11,0.011996226492796483,2.151480810230005e-10,0.0,0.0,0.0888308201138392,0.0,0.04080437431663843,0.0,0.23477204328548792,0.008578154090363874,0.05974041284479712,"[2, 17, 21]"
10,0.0,0.0,0.09716905691342186,0.021279849878427005,0.0,0.0,0.028561346911062144,0.0,0.0,3.0667700543366356e-12,0.0,1.1566316764913794e-10,0.0,0.0,5.894379737941108e-11,0.0,0.0,0.0,0.07697968024440117,0.0,0.0,0.0,0.0,0.042684862927933706,"[2, 18, 23]"
11,0.0,0.0,0.1452743420324576,0.024764500006427815,0.0,0.03285350301543644,0.0,0.0,6.238561303888845e-13,6.84213787111833e-12,1.9315735980650334e-10,2.5510311285268793e-10,0.0,0.0,0.0,0.0013040273468103412,0.1042719373215453,0.0,0.0,0.050796010492216215,0.08122072750083519,0.0185323191316521,0.0,0.0,"[2, 16, 19, 20]"
12,0.0,0.0,0.14066734180918855,0.033721972725336745,0.0,0.022506154456192976,0.0,2.5158828546146166e-13,5.836597246220343e-13,0.0,0.0,3.046618550470382e-10,9.68504026535763e-12,0.002574611281907124,3.2768685584911267e-10,0.0045008470286790805,0.09030374500230563,0.02021470878813915,0.02242037512925204,0.1784595475176787,0.04603540440256201,0.0,0.0,0.0,"[2, 16, 19]"
13,0.0,0.0,0.14912734520697862,0.02515280418355719,0.0,0.030776021902042733,0.0,0.0,8.2988506260384e-13,0.0,0.0,0.0,1.9855943123802796e-12,0.0,3.704077152554708e-11,0.0,0.10409464692391959,0.0,0.0,0.10192686539926704,0.06585314074303401,0.026163643801621412,0.0,0.0,"[2, 16, 19, 20]"
14,0.0,0.0,0.15268339323636568,0.02687063086018128,0.0,0.034573766910968855,0.0,0.0,1.1684135377132711e-12,0.0,1.8310955135514217e-10,4.259364655533623e-11,1.0519304820245698e-11,0.0,0.0,0.0010386403323908683,0.11259980650476117,0.009987632773826922,0.0316795081010519,0.04452465675429662,0.051445473090801525,0.00800234135569058,0.0,0.0,"[2, 16, 20]"
15,0.0,0.0,0.06883924078787372,0.0,0.057170871107714356,0.012575111512212857,0.0,0.0,0.0,6.586721815196539e-12,1.9633965671283142e-10,0.0,0.0,0.018467203111095645,1.7690466092870636e-12,0.03456864158684771,0.0,0.02195770670855745,0.13954180048775408,0.0817121936929703,0.03079485403248731,0.12154094192888298,0.0,0.12751119157870433,"[2, 4, 18, 19, 21, 23]"
16,0.0,0.0,0.11410110442233921,0.0018249827178366015,0.0,0.039014026451335296,0.0,0.0,2.1510152564861663e-12,0.0,1.4592498498262458e-10,0.0,8.960716831443826e-12,0.0,0.0,0.0,0.06345688849695355,0.04472011096771376,0.08970753122302887,0.0,0.0,0.20634448486305976,0.004766895497058112,0.28258043147957584,"[2, 18, 21, 23]"
17,0.0,0.0,0.14777275240625767,0.026832012676599324,0.0,0.015601189558555429,0.0,0.0,0.0,6.794968952129216e-12,0.0,4.978724193233473e-10,7.439529178892424e-13,0.014997573951876788,1.9896218784544125e-10,0.002094873539396721,0.02282979374899183,0.018373843843111522,0.0,0.0,0.03426524412702037,0.0,0.0,0.0,[2]
18,0.0,0.0,0.13656355801255293,0.012752812377266602,0.0,0.03381151818581714,0.0,0.0,4.0447462668895305e-13,8.739572241014777e-12,0.0,0.0,1.716711858988201e-11,0.0,8.936074007959698e-12,0.004202730465590961,0.06946749875127103,0.0,0.008861051440164901,0.03411936825646482,0.011731417706224883,0.040724711882103054,0.0007614755721038813,0.0,"[2, 16]"
19,0.0,0.0,0.1422138944770541,0.025509671062547482,0.0,0.010301481359628958,0.0,3.461260200346991e-13,0.0,0.0,4.384090179799521e-10,0.0,0.0,0.029298841636141985,0.0,0.013953406188078155,0.0,0.0,0.02583316355705142,0.0,0.0,0.0,0.0,0.0,[2]
20,0.0,0.0,0.16425189011757468,0.021225450589393985,0.0,0.03130687827456377,0.0,3.6623825994237054e-13,0.0,0.0,4.366917720337917e-10,0.0,0.0,0.0,0.0,0.0,0.14882569492153588,0.009615437765733783,0.12206557904089575,0.0,0.0,0.0,0.0,0.0,"[2, 16, 18]"
21,0.0,0.0,0.06008497815862644,0.0,0.0,0.011288405976724356,0.0,2.4420901612230984e-13,0.0,3.053939266040448e-11,0.0,1.978730971576269e-11,3.972168863381681e-12,0.0,0.0,0.019254249765746714,0.0,0.001429774912467703,0.41830227593196223,0.0,0.23062460242729307,0.07666443480907625,0.0,0.0360330061986537,"[18, 20]"
22,0.0,0.0,0.15101870100477177,0.0026814338435544663,0.0,0.0,0.05785061634810518,5.463812457987132e-13,0.0,0.0,2.2770236800233533e-11,1.585386428990067e-10,0.0,0.012216121541229245,0.0,0.0,0.04837449034035868,0.006953822241794351,0.07559632708565281,0.0,0.0,0.0,0.0,0.055169243903727384,"[2, 6, 16, 18, 23]"
23,0.0,0.0,0.11152895668973194,0.027425282651781353,0.0,0.0,0.0,1.3929835934226595e-14,0.0,0.0,0.0,0.0,2.408425645682095e-11,0.02952026870038237,0.0,0.0,0.0,0.0002748486351265661,0.18218347885486763,0.0,0.0,0.0,0.0,0.030423162620378575,"[2, 18]"
24,0.0,0.0,0.004739329152445857,0.0,0.07158305094702085,0.0038491963428088226,0.0,6.08397467570179e-14,0.0,0.0,3.2035137049450425e-11,2.409678442761222e-11,2.1067142362033775e-12,0.0,5.896106071790926e-12,0.0,0.0,0.04042989086555867,0.0,0.0,0.07748559957833565,0.020972928588105753,0.002685329189377118,0.003303603542366123,"[4, 17, 20]"
25,0.0,0.0,0.018301922528101408,0.0,0.17459638658254137,0.0002545913403277613,0.012713084570605904,4.74911609911364e-13,1.1335671782690872e-12,1.7907641698195097e-11,0.0,0.0,2.3328266426001498e-11,0.0,0.0,0.2312779608448507,0.0,0.0,0.0,0.0,0.11234278321022363,0.0007166658627719677,0.0,0.03336290389071037,"[4, 15, 20]"
26,0.0,0.0,0.016215821091377574,0.0,0.17301402412025244,0.0017012916451572375,0.0032664586024408167,3.1752844815193167e-13,2.1912138693041774e-15,4.071967693043856e-11,0.0,2.463431845217505e-10,2.1363466325778755e-12,0.0,1.0628197446545291e-10,0.037207197559034844,0.0,0.0,0.0,0.0,0.0,0.02640730652296919,0.0,0.0,[4]
27,0.0,0.0,0.022923583969008142,0.0,0.17743543933599332,0.008812510404046923,0.0,0.0,0.0,0.0,2.7664897118448214e-10,0.0,0.0,0.0,4.235679824696438e-11,0.1201765634168496,0.0,0.14700373847129744,0.0,0.024152232829384696,0.1277817255369167,0.10422113190908328,0.0,0.029326910878831654,"[4, 15, 17, 20, 21]"
28,0.07525651887443809,0.08267156982126247,0.0,0.0,0.0,0.0,0.08447034241393069,0.0,2.1090584388456122e-13,0.0,1.2560818931831906e-10,1.7544819174800707e-10,0.0,0.0,0.0,0.0,0.003967269029461722,0.11059677858990843,0.006314889124368255,0.0,0.0,0.04825749673039691,0.022689872321816268,0.0,"[0, 1, 6, 17, 21]"
29,0.1329425935318911,0.3105149643927342,0.00037524421514723683,0.0,0.0,0.0,0.12252146384570235,4.1366393275663933e-13,0.0,0.0,2.4056540583845998e-11,0.0,2.267627325184774e-11,0.07227610954496576,2.3589571238899743e-11,0.06285014483519585,0.0038350149564816294,0.029889576973590057,0.0,0.0,0.0,0.10348556388900125,0.0,0.0,"[0, 1, 6, 21]"
30,0.14623975613084889,0.05323359175324968,0.0,0.0,0.0,0.0,0.29794570440411117,0.0,0.0,3.248142412985672e-11,0.0,6.277099454934913e-11,6.873595496821066e-12,0.0,9.094658760863994e-11,0.00837557953943123,0.01110647943638203,0.05321028841814903,0.020552213123101456,0.0,0.0,0.05433892832094422,0.000763713733069418,0.015289771229646282,"[0, 6]"
31,0.20697926911461736,0.04726399778856158,0.0,0.0,0.036741424322855556,0.0668907587854509,0.0,3.278398362543082e-13,5.723468491720374e-14,5.27189808542909e-11,0.0,1.5409099218601546e-10,0.0,0.048327067692757526,0.0,0.007773540777436151,0.0017937274961919393,0.0,0.025239465952687716,0.0,0.0,0.0,0.0,0.0,"[0, 5]"
32,0.1911502505586295,0.03342638046405472,0.0,0.011873568016793406,0.03785612676204777,0.0,0.0,3.247871551604264e-13,0.0,4.0645267399040514e-11,1.6217621753354115e-10,3.129845630555531e-10,0.0,0.045469724963901684,0.0,0.01317013438527126,0.01012166161800148,0.06400035467187762,0.02517840656325954,0.0,0.0,0.010305943036037647,0.007192446347608099,0.013464697496037988,"[0, 17]"
33,0.13398341008384537,0.0038312553961450595,0.0,0.00037734923600894987,0.01421897008648434,0.010591557325787307,0.0,1.183011992471317e-12,0.0,1.926901353074642e-11,6.982943668579556e-11,1.957759077481755e-10,0.0,0.012934206836522796,9.972442251979717e-13,0.0006475829594250233,0.01827158935781433,0.014405156627560546,0.028339488235769192,0.035392564639509724,0.007884304186629526,0.01598248145844395,0.0,0.0,[0]
34,0.17165172251528368,0.006788630483973363,0.0,0.0,0.0682263605262448,0.0,0.0,5.639809560823804e-13,1.0102842023928677e-12,1.4649946266801278e-11,2.7900522227854095e-11,0.0,0.0,0.014032976098042917,0.0,0.0,0.0,0.0170794678967898,0.0,0.0,0.0,0.028647731606849323,0.0,0.013511580046694569,"[0, 4]"
35,0.16596335851406097,0.020829930745321204,0.0,0.0,0.011196917895761774,0.0,0.1465640375780624,0.0,4.1007109065878275e-13,0.0,1.444490260831692e-10,0.0,0.0,0.0,6.936241123375727e-11,0.0045001730631675715,0.0136399066560227,0.009036718025772012,0.032940695156454765,0.028689471029667346,0.0255648883476544,0.1287755843032499,0.0,0.0,"[0, 6, 21]"
36,0.1741683097189025,0.005199775898885732,0.0,0.005527891107876317,0.032634036660024186,0.0506385119793636,0.0,1.8871508602699304e-13,1.381215988682525e-12,4.894585511356584e-11,0.0,0.0,5.8247665288791055e-12,0.0,4.212334328747646e-11,0.008487690213729606,0.015547672149187213,0.0,0.0033580311532145734,0.03897284645338303,0.03723849733774929,0.002355904178353991,0.0003011762655954954,0.0,[0]
37,0.15785250380832683,0.00037966988996970016,0.0,0.023074468672748587,0.045736154445994416,0.037139991743470886,0.0,0.0,1.1227363736167243e-13,0.0,0.0,0.0,0.0,0.0,4.0715637641240345e-12,0.0,0.008771606259316115,0.0395120168006567,0.0,0.058548583288727606,0.003899297534307414,0.0,0.0,0.0,"[0, 19]"
38,0.1428968157393348,0.00405962290918496,0.0,0.0,0.01938140821943282,0.0659624703438988,0.0,0.0,9.90463735067996e-13,2.5790016403664512e-11,4.3023961371312973e-10,3.25911735114943e-10,1.593723101598576e-12,0.0,0.0,0.0032042585824043715,0.016405356564675226,0.03810429927200028,0.029268546087421927,0.05309341897797228,0.016683605491209726,0.006161135699721964,0.002948239872692147,0.0,"[0, 5, 19]"
39,0.14751258648166193,0.0011835089210120932,0.0,0.006775593647580561,0.019663473355811655,0.03196858297065597,0.0,0.0,0.0,0.0,0.0,3.527415927641085e-10,0.0,0.0,2.479407581060874e-11,4.054134020029223e-06,0.020018500442851313,0.0022579468737402124,0.020221522593468832,0.044800234779762686,0.01814991080010916,0.008123587402189575,0.0,0.0,"[0, 19]"
40,0.14415589876109028,0.004526484461226334,0.0,0.013106663212843626,0.03611419718817524,0.05787553410918038,0.0,0.0,0.0,0.0,1.4625855820365094e-10,0.0,3.349501516473453e-12,0.0,1.1677582288377123e-11,0.0,0.005670392932705494,0.0,0.0,0.031980807484332754,0.04318045917200596,0.0,0.0005464957045485353,0.0,"[0, 5]"
41,0.17879643246928334,0.003341975767561712,0.0,0.015518346510212193,0.04286338255687309,0.0,0.0,1.4706839674072523e-13,0.0,0.0,0.0,0.0,1.1964854674638243e-11,0.019680493115466494,0.0,0.0021108641160072087,0.011984383984692648,0.02415454768749923,0.020623265888940104,0.006481856167141068,0.0,0.0,0.00043430120813014056,0.03167421623973754,[0]
42,0.15760235620131108,0.01185841197615443,0.0,0.0,0.01836854036384409,0.12018743271790433,0.0,0.0,0.0,0.0,0.0,0.0,0.0,0.0,0.0,0.0,0.01392468050175532,0.06653197610467564,0.03201597859763407,0.03550357624088713,0.022945047753455662,0.0,0.0043923898094951315,0.0,"[0, 5, 17]"
43,0.1555504686111696,0.001532247319158181,0.0,0.009856185711412366,0.029135157795400112,0.027101224681706136,0.0,4.4938076587093587e-13,8.887703732407055e-13,0.0,2.994897674431985e-10,0.0,2.1890086336789297e-11,0.0,3.151909583008123e-11,0.009157174537239474,0.017816976421824022,0.009905089482650899,0.011727672617558355,0.035606394730793134,0.02119886863516166,0.0,0.0006201227957279998,0.0,[0]
44,0.1585412017903232,0.0022050479508041454,0.0,0.007387928635348428,0.029764124263347236,0.018691448720797973,0.0,0.0,1.8460098984635618e-12,1.3249152593471493e-11,0.0,0.0,3.881443439870038e-11,0.0018966660696349738,3.619510593852643e-11,0.01428773879894186,0.017804454260795556,0.0,0.015378103174438763,0.03273251830130287,0.022780092562960864,0.006897356238854311,0.0,0.0,[0]
45,0.1522038317386019,0.0018750817411624604,0.0,0.013633450169198572,0.034710384816722686,0.017693519284669442,0.0,1.547003800639711e-13,9.520894943851002e-13,4.098132312476188e-12,1.1590763351379641e-10,0.0,0.0,0.0,2.8227279233301828e-11,0.0,0.012673382995604806,0.0,0.0,0.009082510277127328,0.02644612704082246,0.0,0.0,0.0,[0]
46,0.11096334740634488,0.0,0.0,0.0,0.0,0.02421970436844005,0.026900219836906984,5.659431040053243e-14,0.0,0.0,1.547461377883037e-10,1.3298352598233297e-10,8.083383388804646e-12,0.0,8.337467194295994e-11,0.0018935708036156584,0.11815310882881329,0.04103404799642367,0.06359280647357339,0.08099119027549605,0.0,0.0,0.0,0.017867191627814208,"[0, 16, 17, 18, 19]"
47,0.0,0.0,0.007739240090187087,0.0,0.1307661413679767,0.016839548165074516,0.0,1.5847856294098473e-12,0.0,0.0,1.563951232933195e-10,1.2580067946290253e-10,5.370513246067642e-11,0.0,9.68652350869584e-12,0.14920929478612513,0.0,0.058742124688377355,0.0,0.0,0.0,0.11518025632324297,0.0,0.0,"[4, 15, 17, 21]"
48,0.02839262882703978,6.085119739235329e-07,0.0,0.0,0.011638744894175792,0.0,0.0,0.0,0.0,0.0,0.0,2.2837587594149151e-10,3.677659898291392e-12,0.0,4.185356705728448e-11,0.019196110753680246,0.0019085945359008942,0.0,0.0,0.0,0.0,0.009334456281575249,0.0001721929803719495,0.006130797048064937,"[0, 4, 15, 21]"
49,0.10430131314735894,0.006123305266618277,0.0,0.007425522348042137,0.02905048975799065,0.0,0.025749225457032072,1.0571916248943834e-12,0.0,0.0,1.8629444947703536e-10,4.903899613711134e-10,3.093220019286338e-12,0.0,0.0,0.00853715127062507,0.005120617102428402,0.008608074112521368,0.001254550116829516,0.0,0.0,0.0,0.001199228980652273,0.12571049312019233,"[0, 23]"
50,0.169914921276485,0.005638757330913179,0.0,0.005181076657381942,0.03071303332456266,0.04693549008818263,0.0,1.2640895182793813e-12,9.316593662444002e-13,4.566217501851338e-11,0.0,3.597126586014929e-10,0.0,0.0,0.0,0.0049278550879354064,0.01617393603867076,0.0,0.004465959005192074,0.025772709610124695,0.025250157461260192,0.0,0.0,0.0,[0]
51,0.1602265147694611,0.0032578899976982256,0.0,0.01905608134417493,0.046234816305916936,0.0,0.0,3.010032186439179e-13,0.0,6.81912513648161e-11,0.0,6.633564863684555e-12,6.569308768744532e-12,0.012583972807075867,0.0,0.0,0.007098186435042717,0.0,0.0,0.0,0.0,0.0,0.0,0.055616635943684795,"[0, 23]"
52,0.10592637239220504,0.006460688164196645,0.0,0.0,0.022080820833932844,0.0,0.07772292420232704,0.0,8.369400816037145e-13,0.0,8.050777630498894e-10,0.0,2.10968057474771e-11,0.0,2.1899325783578467e-11,0.0001305288258941292,0.00962381546761028,0.0035975178037756825,0.0075995816672983045,0.0,0.0,0.0,0.0,0.19941893914113992,"[0, 6, 23]"
53,0.0,0.0,0.023861743171775623,0.0,0.14336767317858773,0.021263973392216695,0.0,1.0598892118749962e-12,0.0,4.06550857503473e-11,0.0,0.0,0.0,0.0,6.445651505665112e-11,0.020150053238163268,0.0,0.0,0.03152643919466738,0.013846136600346554,0.0,0.18562743326691558,0.0014266870439725717,0.0,"[4, 21]"
54,0.0,0.0,0.020216182238260216,0.0,0.16632035007986615,0.000968268967953248,0.012421111332971814,1.1655684181896531e-12,0.0,0.0,1.229019557187381e-10,0.0,0.0,0.0021945751975879888,0.0,0.13280873679588193,0.0,0.0,0.0,0.020894024203928347,0.0,0.10310789555810154,0.0,0.0,"[4, 15, 21]"
55,0.11759597137997929,0.005584241652153608,0.0,0.010212696347579856,0.03519604881972961,0.052753439500805605,0.0,0.0,0.0,0.0,7.337067031668942e-11,0.0,0.0,0.0,0.0,0.008887875755462609,0.001265809775389433,0.025036111579356275,0.0,0.08289907252559367,0.0,0.0,0.0,0.0,"[0, 5, 19]"
56,0.10601366317337213,0.004244708605589227,0.0,0.015023391663013278,0.035407249180783536,0.0,0.008981681946988503,0.0,1.1619702594410222e-12,1.1414829724022587e-10,0.0,2.920155140687692e-10,0.0,0.0,0.0,0.012131519505359222,0.001954753502653404,0.0,0.0,0.0,0.0,0.0,0.0023490024575591444,0.11664134286282314,"[0, 4, 23]"
57,0.09926268821191102,0.004399899825880042,0.0,0.012997688366661686,0.03303545461058338,0.0,0.023598381301247476,0.0,8.730888015768487e-13,0.0,0.0,0.0,4.094353756277489e-12,0.0,3.550444679860111e-11,0.004128308038790311,0.0010834236111279918,0.0044264771385887445,0.0021191421925238255,0.0,0.0,0.0,0.0003277725767981411,0.14560652471522478,"[0, 23]"
58,0.08767135910127055,0.005468875821739685,0.0,0.01422594908486215,0.04650763207225724,0.0,0.02289346965638011,7.473264735091233e-13,0.0,0.0,0.0,0.0,0.0,0.0,6.270162271546594e-11,0.0,0.0,0.024151685692142457,0.015393641073595732,0.038265173582938135,0.0,0.0,0.005174855048695408,0.10422527304883847,"[0, 4, 19, 23]"
59,0.17638744530844594,0.005423522591837246,0.0,0.017381681661746095,0.051259681543111904,0.02367394766362103,0.0,0.0,0.0,7.879941201365113e-11,1.0915768744566629e-10,3.2906773718060673e-10,3.497415790178215e-11,0.014146217028164517,0.0,0.0,0.005171083639419456,0.038018729267131256,0.0,0.04067800847740471,0.007517901708118384,0.0,0.0,0.0,[0]
60,0.14852450102579676,0.01682620098411586,0.0,0.0019465806794884922,0.05269791555018725,0.1194315590881898,0.0,0.0,0.0,3.59227567036058e-11,0.0,4.5094380734094325e-10,0.0,0.009225014058607747,0.0,0.0,0.0,0.030965213908410137,0.0,0.0010403687937752429,0.019318997270540924,0.0,0.0,0.0,"[0, 4, 5]"
61,0.13615962474696583,0.006631232787097594,0.0,0.017233215980180995,0.11408154348524929,0.0,0.0,0.0,0.0,6.596889248700076e-11,2.5914778636854984e-10,0.0,5.712941134278735e-12,0.01705720426740858,9.718481759386644e-11,0.0,0.0,0.0,0.0,0.0,0.03466582348548321,0.0,0.0,0.06142590835183774,"[0, 4, 23]"
62,0.11820241823131597,0.0015856390864970892,0.0,0.02377380158703468,0.04040245487977405,0.011634197788328776,0.0,5.192337819569632e-13,1.3693829830067134e-12,1.4987542296110517e-12,0.0,2.6976037874632356e-10,0.0,0.0,0.0,0.0002469258654602721,0.004078127961716452,0.05692732562496924,0.0,0.03335084327049049,0.002391865023628469,0.0,0.002085436668543798,0.0023293629603448715,"[0, 4, 17]"
63,0.12613715394384567,0.0008140798582202184,0.0,0.015174008133212473,0.032758867942923986,0.010638731363038426,0.0,0.0,1.4554694857018006e-12,0.0,1.65932508499496e-10,0.0,0.0,0.008268841247868135,0.0,0.013434655766227165,0.009202764763678555,0.0,0.0,0.004259611676975984,0.020610093633594853,0.0,0.0007912347137950192,0.0,[0]
64,0.10454705771794637,0.00590513930810346,0.0,0.012612825313222427,0.0332729004137907,0.0,0.022426954020297585,0.0,8.515562848479433e-13,0.0,0.0,0.0,0.0,0.0,0.0,0.0031636247624869133,0.0012511198993446332,0.0,0.0038842815363511088,0.0,0.0,0.0,0.0006250634184032519,0.1424661258736414,"[0, 23]"
65,0.1815200801238856,0.0055987299845661285,0.0,0.015662635955738788,0.04762828336701219,0.0,0.0,1.0986748340661077e-12,0.0,0.0,2.3954935985466713e-11,8.783061790629894e-10,0.0,0.018966497440270933,5.5681052416782695e-11,0.0,0.008525678287743756,0.019604073739814556,0.011561640024558707,0.0,0.0,0.0,0.0,0.034736175957680915,[0]
66,0.018647006074290935,0.0017148091306621318,0.0,0.027720090287746146,0.06217089174639879,0.0,0.0,1.0753850673822665e-12,6.800126886909053e-13,0.0,1.8759434992195002e-10,0.0,7.018265186743298e-12,0.0010062513710338804,5.971297134632239e-11,0.08404366468940927,0.0,0.0,0.04043303181467728,0.12322539679208896,0.0,0.0,0.0,0.010997888419634921,"[4, 15, 18, 19]"
67,0.1665533982567344,0.005655009164178246,0.0,0.005602973720682894,0.03586717092483163,0.045413273121098705,0.0,9.866567530069917e-13,0.0,5.855897839035385e-11,0.0,0.0,2.3961478005813827e-12,0.0010271474991837674,3.6741011385521757e-10,0.0,0.012230726667981773,0.007045985084532407,0.01316831277971863,0.03191174947708288,0.004781894413349836,0.0,0.0,0.0,[0]
68,0.10466236355634861,0.004161216046211163,0.0,0.014134994505298624,0.03394563584799624,0.0,0.020069003065776678,0.0,1.5709291093128112e-12,9.12186685652192e-11,2.370252348702352e-10,7.401005275896587e-10,0.0,0.0,1.8370474290911705e-11,0.004880192088093423,0.002016572487638412,0.0,0.0,0.0,0.0,0.0,0.0,0.1467205944455502,"[0, 23]"
69,0.1553642299455987,0.010475497120836952,0.0,0.0,0.07059759580184352,0.0,0.046861963500569016,0.0,7.473036463609503e-13,0.0,0.0,0.0,1.9894547844441393e-12,0.035870288131813165,9.380203376525611e-12,0.0,0.0,0.0,0.0638889696679754,0.0016117483447165204,0.026507155458320053,0.04373907931726454,0.0,0.0283158260367628,"[0, 4, 6, 18]"
70,0.14995796325910196,0.057953934425899016,0.0,0.0,0.006091706219993313,0.3699810703267706,0.008607206807432318,5.454140666029177e-13,3.6398516944117977e-13,0.0,2.410028373528094e-10,0.0,0.0,0.028535984152915986,4.225626142719057e-11,0.03004371221402468,0.0,0.0,0.025604084964473264,0.009867812149668788,0.04183501765056289,0.0,0.007496181878431502,0.0,"[0, 5]"
71,0.09385806110449665,0.011499297552537821,0.0,0.0,0.024461394116363725,0.0,0.09984978533981267,3.247694271019743e-13,0.0,0.0,1.7660209385184432e-10,1.2890840568575617e-10,0.0,0.0,0.0,0.0,0.0,0.0,0.0007006673298907358,0.0,0.0,0.05707911966840551,0.00010936192506845132,0.0,"[0, 6, 21]"
72,0.14462270616460404,0.005666642907643659,0.0,0.003835186839880521,0.03419547108269358,0.05807271317052121,0.0,3.1825757894510516e-13,0.0,0.0,0.0,3.117337285756782e-10,2.097123685547979e-11,0.0,0.0,0.0,0.00850041319775698,0.03459216976020592,0.019368082198496915,0.0378719388094275,0.0,0.0,0.002661065939278381,0.0,"[0, 5]"
73,0.0,0.0,0.04417637900058229,0.0,0.11801065761476011,0.018308155342554516,0.0,0.0,0.0,0.0,3.276733778935253e-10,0.0,7.076231356785383e-12,0.0,0.0,0.0,0.0,0.0,0.0,0.008613633913244474,0.055692856222100996,0.10741320014669575,0.0,0.0,"[2, 4, 20, 21]"
74,0.0,0.0,0.03070053961203293,0.0,0.14769517325702664,0.015349838196429485,0.0,8.841693584803338e-13,0.0,2.5525309210598295e-11,7.51208073910207e-11,5.437284660718458e-10,4.403302191188319e-11,0.006620686510270227,0.0,0.006354445233127395,0.0,0.0,0.04984258021344911,0.047114155647872545,0.0,0.15352635359299913,0.0005945690115009291,0.0,"[4, 18, 19, 21]"
75,0.0,0.0,0.050683123972898474,0.0,0.06589284934189613,0.038574801977957804,0.0,0.0,0.0,6.992056456339702e-12,2.419802323319892e-10,0.0,0.0,0.0,3.3865579996898644e-11,0.0,0.0,0.008292825670780312,0.0,0.047263153230972195,0.0,0.17873494717411034,0.0,0.0,"[4, 21]"
76,0.12264277532910603,0.49882594822783183,0.06942057865154933,0.036029393146684977,0.0,0.0,0.0,0.0,1.2492367101832534e-13,5.627967205545672e-11,0.0,2.964699272986359e-10,0.0,0.04138175073374489,0.0,0.0,0.0,0.0,0.0,0.029612751466581134,0.0,0.0,0.0,0.07200561978799803,[1]
77,0.1374522302564238,0.5256593310375856,0.06699496862703859,0.03396483270013041,0.0,0.0,0.0,1.0430025919179632e-13,0.0,1.3321309215488334e-11,0.0,1.3710916290375233e-10,0.0,0.03583718915126557,1.289803478274727e-11,0.037235221284877544,0.0,0.0,0.0,0.016223485681391973,0.0,0.0006766080308564326,0.07077590532260351,0.04819192809652048,[1]
78,0.1504917550028735,0.5356489285448139,0.06148243328942267,0.012771336737692231,0.0,0.017499455243652286,0.0,6.92607359826387e-14,0.0,0.0,2.0224389000034137e-11,0.0,0.0,0.10451984711941222,6.695266767378495e-13,0.03858721063739609,0.0,0.0004714015099517779,0.0,0.0,0.0,0.0,0.041285209844126446,0.061281410011379565,[1]
79,0.0,0.0,0.0636898384829339,0.0,0.18745590182920235,0.0,0.03287197538996424,3.242591832734382e-13,0.0,1.4083286155035609e-11,0.0,0.0,0.0,0.0,0.0,0.08479893749618349,0.0,0.09244422524568266,0.0,0.0,0.0,0.005679940930040676,0.0,0.027345155353713676,"[2, 4, 15, 17]"
80,0.0,0.0,0.03518008186237613,0.0,0.1665930717906406,0.0,0.03173640611947227,7.787830105227331e-14,0.0,0.0,0.0,0.0,7.723425148528155e-11,0.0,0.0,0.0,0.0,0.0,0.0,0.04078436129345777,0.0,0.05493829853305616,0.0,0.0737971909039633,"[4, 21, 23]"
81,0.0,0.0,0.04387580063396412,0.0,0.01879348040623224,0.0,0.09380001131901797,3.8633650668763186e-13,1.8141184299153597e-12,0.0,0.0,7.545102859380824e-12,0.0,0.0,2.333854122284685e-11,0.0016660384630225208,0.0,0.0,0.0,0.10864833058012931,0.0,0.06055073125416703,0.004462851455762007,0.12731559683100685,"[2, 6, 19, 21, 23]"
82,0.0,0.0,0.033900739389177786,0.0,0.13347193425981574,0.022025421601406053,0.0,2.5927301903911603e-12,0.0,0.0,1.256170451795615e-10,1.615639738944731e-10,0.0,0.0,3.715484458011515e-11,0.0,0.0,0.0995092916531892,0.0,0.038230951968104866,0.06803830302851378,0.15886230322485312,0.0,0.0,"[4, 17, 20, 21]"
83,0.0,0.0,0.008482465553290654,0.0,0.15329235367216174,0.0,0.027798277349413897,0.0,0.0,3.4117107816164206e-11,0.0,0.0,0.0,0.0,0.0,0.12263661264104585,0.0,0.08241110047167186,0.007861021641728444,0.1239904544567276,0.0,0.03970040853967976,0.0,0.019858147114085407,"[4, 15, 17, 19]"
84,0.0,0.0,0.02962099956779844,0.0,0.12972300442547965,0.03348212835746839,0.0,0.0,1.8913906203327745e-13,1.3503096687292528e-11,0.0,3.239190219713976e-10,0.0,0.0,0.0,0.0,0.0,0.03851346081587153,0.0,0.0,0.0,0.2018050695479736,0.0,0.0,"[4, 21]"
85,0.0,0.0,0.03706621699536494,0.0,0.11962307175968243,0.03052819924318339,0.0,0.0,0.0,1.8944580127801433e-11,0.0,0.0,0.0,0.0,0.0,0.0,0.0,0.03253522706954464,0.012852933786557165,0.0,0.0,0.16628634918201676,0.0005927377932754491,0.0,"[4, 21]"
86,0.0,0.0,0.04076552694077054,0.0,0.1480049477137215,0.01091131982353453,0.000719549892319801,0.0,0.0,0.0,0.0,3.7739265154372617e-10,0.0,0.011891009549093575,0.0,0.0,0.0,0.0,0.0,0.0,0.0,0.05492306319799567,0.0,0.0,"[4, 21]"
87,0.0,0.0,0.033242690037531476,0.0,0.10357742931350929,0.011202288538474702,0.0,0.0,1.7416372685450536e-12,1.1582574259214472e-11,0.0,0.0,2.8197292634861502e-11,0.0,0.0,0.0,0.0,0.029715896869177243,0.13525664037491547,0.0,0.2267523012189094,0.1213189862856137,0.0,0.0,"[4, 18, 20, 21]"
88,0.0,0.0,0.027158310361462185,0.006325006913374216,0.12864357717996266,0.0,0.03723291807546681,1.1860033219479355e-12,1.3514910924987376e-12,0.0,4.545382631798933e-11,0.0,2.4218580979148966e-12,0.0,0.0,0.0,0.0,0.0,0.0,0.0,0.04221837185060452,0.0,0.003290701348822183,0.004883830835463896,"[4, 20]"
89,0.0,0.0,0.028760959303362553,0.0836588638158124,0.1530788565206663,0.0,0.03612664068027456,0.0,9.067460589701665e-13,1.2031068451526426e-12,1.609945019287423e-10,7.735955128122353e-11,5.001272500820333e-11,0.0,4.3400034531104754e-11,0.07300627648080017,0.0,0.023585322930229666,0.0,0.0,0.042395210246841904,0.0,0.1277390269759844,0.006103258944881789,"[3, 4, 15, 22]"
90,0.0,0.0,0.035751110947485544,0.0,0.09919100602237253,0.0,0.12019305659728396,4.605523183303957e-13,0.0,0.0,1.8723681401281047e-10,0.0,3.170088874431347e-11,0.0,1.0250384925572961e-10,0.0,0.0,0.021802893955850545,0.06791849083170287,0.14074577960332235,0.0,0.06340287513488943,0.0,0.0941842443813877,"[4, 6, 18, 19, 21, 23]"
91,0.0,0.0,0.029883396745123088,0.0,0.0811000623477617,0.002273793660708752,0.0064351509431341955,1.0923441590920628e-13,3.5826156201588865e-12,4.051641139127441e-11,0.0,1.3913854663639412e-10,2.211430046981397e-11,0.0,0.0,0.0,0.0,0.15541725383077445,0.051599596657164605,0.08250141505920959,0.03639628569799134,0.09618573339584986,0.011337163112193713,0.06256206263839002,"[4, 17, 18, 19, 21, 23]"
92,0.0,0.0,0.06619751963757568,0.06697524643532511,0.08961995259568464,0.008132599654100401,0.0,1.1396466409937441e-12,1.5460150680188035e-12,0.0,5.8146939130676653e-11,0.0,0.0,0.0020842662743101627,0.0,0.09894232582697284,0.0,0.03225904920241051,0.08166145830898516,0.061171975751813004,0.15707376728134742,0.09586694140289982,0.12913006607688685,0.0,"[2, 3, 4, 15, 18, 19, 20, 21, 22]"
93,0.0,0.0,0.022437865022697855,0.0,0.14948027195050134,0.002625694882673281,0.005672113135318756,4.785894185650154e-13,1.3208167673090544e-12,0.0,0.0,0.0,0.0,0.0,3.172377700823973e-11,0.0,0.0,0.0,0.0,0.016837052289960002,0.1147624004635245,0.061764061474903806,0.0,0.06633092907831267,"[4, 20, 21, 23]"
94,0.0,0.0,0.051421024092441814,0.021064664151968313,0.08638069944180284,0.0,0.0734051309006272,0.0,0.0,6.002126374625746e-12,1.8615789642935927e-10,0.0,0.0,0.0,0.0,0.0,0.0,0.0082043205857425,0.0,0.0,0.0,0.0,0.0,0.006552931617766941,"[2, 4, 6]"
95,0.0,0.0,0.051126409259307386,0.021934002878200833,0.08071342357331587,0.0,0.0736381719435652,0.0,0.0,0.0,1.8236434122719203e-10,4.240056267880212e-10,2.906300842581756e-11,0.0,1.1732720010298542e-10,0.0,0.0,0.002981000660704644,0.0,0.0,0.0,0.0,0.0,0.00455595582567219,"[2, 4, 6]"
96,0.0,0.0,0.06434586727394845,0.0,0.05027072564354657,0.0,0.11752653833596356,0.0,6.256329861982008e-14,0.0,1.864262812270545e-10,0.0,5.8281993897539216e-12,0.0,0.0,0.0,0.0,0.04099405266003225,0.007075181874471795,0.0,0.0,0.0,0.0,0.004077460233018726,"[2, 4, 6, 17]"
97,0.0,0.0,0.03519117733422238,0.0,0.1710202434941589,0.0,0.030643144247155304,4.949016882695954e-13,0.0,0.0,0.0,1.4728585876150528e-10,0.0,0.0,7.815720073048557e-11,0.0,0.0,0.0,0.0,0.04183932792669795,0.00793660117848811,0.05998446820698259,0.0,0.07441269399766245,"[4, 21, 23]"
98,0.0,0.0,0.02140226667911746,0.0,0.11634931381757722,0.0,0.029405687657169097,1.5999971407320906e-13,4.305928710347699e-12,1.136468950096248e-12,4.736592210352814e-10,2.3009044093406977e-10,4.340302939563459e-12,0.0,0.0,0.009809111145893466,0.0,0.0,0.011642766412245752,0.10579020788515843,0.0,0.09277533338899661,0.00026501994228405397,0.046929686033830305,"[4, 19, 21, 23]"
99,0.0,0.0,0.042023483828879674,0.0,0.16760463809872664,0.0,0.03129077399157462,0.0,0.0,1.8543623219596186e-11,3.2715340929225687e-10,4.829833871111481e-10,1.464300298665528e-12,0.0,1.2221339652627275e-11,0.0,0.0,0.0,0.022168427291558587,0.0,0.0,0.0,0.0,0.024599577871949038,[4]
100,0.0,0.0,0.1255331440266577,0.016466038323350415,0.0,0.0,0.0756368580571543,2.969339230834141e-14,1.2115134125839268e-12,0.0,1.3887315558910056e-11,0.0,1.7447994649842722e-11,0.002596892197702591,0.0,0.00547459491471183,0.059091226169503866,0.03220711194971996,0.0,0.07704994394302064,0.013081362074620458,0.0,0.0,0.0,"[2, 6, 16, 19]"
101,0.0,0.0,0.03191700130288859,0.020358898235579657,0.0909528128196751,0.0,0.0657849300441072,7.661022044161345e-13,1.3024967206777027e-12,0.0,2.0880835742034656e-10,5.874127511601257e-10,0.0,0.0,0.0,0.0,0.0,0.019669919335130386,0.0,0.0,0.0,0.0,0.0,0.01056696775277925,"[2, 4, 6]"
102,0.0,0.0,0.0332015038032159,0.0,0.1465613834556678,0.0,0.019155118747909844,1.436539734271511e-12,1.5585052918405855e-12,0.0,0.0,0.0,0.0,0.0,0.0,0.10397637982788167,0.0,0.01055378909467825,0.0,0.00030754144244783156,0.09391320522713634,0.0,0.0,0.025892770204853425,"[4, 15, 20]"
103,0.0,0.0,0.02533623277913624,0.0,0.11954026357856377,0.014629600996805872,0.0,0.0,8.540929531913499e-13,0.0,2.750364318364618e-10,0.0,0.0,0.0,4.267059901398635e-11,0.0,0.0,0.0,0.03162948254734809,0.0,0.0,0.10616474169427378,0.00422546882673073,0.0,"[4, 21]"
104,0.0,0.0,0.02578984401364702,0.0,0.18669939625154414,0.0,0.039296427116318325,0.0,1.5272578710096075e-12,1.8835957836546965e-11,0.0,1.7408000085247312e-10,0.0,0.0,1.1807788093368677e-10,0.11321919153542472,0.0,0.014663946531375214,0.0,0.0,0.03154235687700344,0.0,0.0,0.028611531620383896,"[4, 15]"
105,0.0,0.0,0.03343554751973752,0.0,0.1197968098514558,0.0,0.01958279350957973,0.0,3.95255444737237e-13,0.0,0.0,0.0,2.5525673205911137e-11,0.0,3.493858056991567e-11,0.0,0.0,0.0,0.0,0.0,0.05015445367713381,0.0,0.0,0.026345965798796563,"[4, 20]"
106,0.0,0.0,0.051424663851863665,0.021168520573268693,0.08760902340778098,0.0,0.07530015602148796,4.905577343710244e-14,7.640223344825431e-14,0.0,0.0,1.0,1.1944101315691055e-13,0.006696834815993099,3.077381219220695e-13,0.009430782517419141,0.0,0.0,0.0,0.0,0.0,0.0,0.003438454278808889,0.002879514399937953,[11]
107,0.0,0.0,0.02964510171350538,0.0,0.15296320819457554,0.0,0.043877259564750554,0.0,0.0,2.007503369324037e-11,2.518825797481202e-10,0.0,0.0,0.0,0.0,0.1613350691493956,0.0,0.0,0.0,0.0,0.026482884276835945,0.0,0.0,0.028903674040671498,"[4, 15]"
108,0.0,0.0,0.0492724758236228,0.0,0.1494024281898181,0.0,0.01569860213939867,0.0,0.0,0.0,1.7810398134645325e-10,3.455356759007124e-10,0.0,0.0029030748645382217,0.0,0.0,0.0,0.0,0.04957164366340459,0.11915642470877934,0.0,0.049530390600423475,0.0,0.02431001286393725,"[2, 4, 18, 19, 21]"
109,0.0,0.0,0.023580961546959198,0.0,0.16648417735527188,0.0,0.018202795436670784,0.0,0.0,0.0,0.0,2.545515129312901e-10,0.0,0.0,9.393083041226592e-12,0.0,0.0,0.0,0.0,0.08775921171896241,0.028326362619219208,0.08223042468584514,0.0,0.07494328133019185,"[4, 19, 21, 23]"
110,0.0,0.0,0.061989612530564314,0.0,0.1351190641880928,0.01840833049505403,0.0,0.0,0.0,0.0,4.304592357859607e-11,0.0,7.142142827224313e-11,0.0037894914644514594,0.0,0.0,0.0,0.00467595407894668,0.0,0.1358898777508036,0.09944678002369746,0.14218742209181853,0.0,0.004745867485645189,"[2, 4, 19, 20, 21]"
111,0.0,0.0,0.09182727524107467,0.0,0.038634508379988275,0.024596175311946966,0.0,0.0,1.2750259456190279e-12,0.0,0.0,5.533098025506962e-11,1.5947896110574474e-11,0.019395168434126208,0.0,0.0,0.0,0.006046158778194644,0.0,0.01808992543062402,0.06205091305938493,0.09261954268118468,0.0,0.0,"[2, 4, 20, 21]"
112,0.0,0.0,0.03442612887436579,0.019940369922443253,0.10166335883664628,0.0,0.06877738609293739,1.6176583080039883e-13,0.0,0.0,0.0,2.3294840540703507e-11,1.090004842359419e-11,0.0,3.3613599170101845e-11,0.0,0.0,0.0,0.0,0.0,0.0,0.0,0.0,0.0,"[2, 4, 6]"
113,0.0,0.0,0.024407813997717027,0.0,0.05818751304054871,0.05987890524897468,0.0,7.249386644061486e-13,0.0,1.4019720519551845e-12,2.5207003660275767e-11,5.23131513607099e-11,0.0,0.0,6.856681962556097e-11,0.0,0.0,0.0,0.0,0.10787146803076059,0.11785315740799243,0.13307528887762854,0.0,0.0,"[4, 5, 19, 20, 21]"
114,0.0,0.0,0.01252455393434266,0.0,0.13692620663474214,0.0,0.016298806149532878,2.848506827740946e-13,1.6130441395714757e-13,8.934362723316628e-12,2.4456580559148234e-11,0.0,0.0,0.0,0.0,0.0,0.0,0.838889431389007,0.0,0.0,0.04231400076293421,0.0,0.023860815365943783,0.0005423322255896431,[17]
115,0.0,0.0,0.05142466385186334,0.021168520573268856,0.08760902340778023,0.0,0.07530015602148771,7.035452163631983e-14,7.173533857212802e-14,0.0,0.0,0.0,3.250768305413477e-11,0.0,3.1449736995714353e-11,0.0,0.0,0.008679102262904798,0.0,0.0,0.0,0.0,0.0,0.006952295823361374,"[2, 4, 6]"
116,0.0,0.0,0.032082022138239914,0.08447763737396564,0.16583943549037525,0.0,0.04309336847273849,0.0,1.4840408207609618e-12,2.1156268248530582e-11,0.0,3.4286633812403363e-10,6.712465550074944e-12,0.0,4.7859303188692404e-11,0.0833991929196833,0.0,0.018785980394609127,0.0,0.0,0.05480661753609252,0.0,0.13307318039085425,0.010275442016658245,"[3, 4, 15, 20, 22]"
117,0.0,0.0,0.050888224797894045,0.021266220701862796,0.09025144913486144,0.0,0.07558528411662142,0.0,0.0,0.0,0.0,2.214981935412311e-10,4.123469865553728e-12,0.0,1.967168841613066e-12,0.0,0.0,0.007691134568013958,0.0,0.0,0.0,0.0,0.0,0.008668700826363335,"[2, 4, 6]"
118,0.0,0.0,0.04216832661734817,0.0,0.16405951701507632,0.010123375634979203,0.002972413376127535,0.0,1.44503977005497e-12,2.709288472192129e-11,2.0963803716905466e-10,0.0,2.8707730188511642e-11,0.0,1.5266988321948117e-10,0.0,0.0,0.0,0.05187144094994926,0.0,0.10275382706946448,0.12815720657858024,0.0,0.0,"[4, 18, 20, 21]"
119,0.0,0.0,0.02177723840019963,0.005780966776016714,0.051537052340898594,0.0,0.018644748360521848,0.0,0.0,3.2805732771048265e-11,0.0,2.3101056373979902e-10,1.4157535146473915e-11,0.0,7.851250284083098e-11,0.0,0.0,0.0,0.11413182824839789,0.0936304670574134,0.00720446051449061,0.0,0.0,0.0,"[4, 18, 19]"
120,0.0,0.0,0.12510583124914657,0.026604768600411076,0.0,0.02227031374899276,0.0,8.697807253627753e-13,0.0,3.4029942719493914e-11,0.0,8.148295743826341e-10,0.0,0.0,0.0,0.0,0.14202235382760153,0.0,0.0,0.034331502324237706,0.02523530543785904,0.0,0.0,0.0,"[2, 16]"
121,0.0,0.0,0.041476057045946604,0.009745827574996372,0.05262882506398175,0.0,0.13123637936491658,0.0,1.98009034694951e-12,0.0,1.1537571021117395e-10,9.652305992145676e-10,3.6611855445383835e-11,0.0,2.1420751298408712e-10,0.0,0.0,0.0,0.05840080529817916,0.14923009774250956,0.007929003876356533,0.0,0.0,0.008676195280243383,"[4, 6, 18, 19]"
122,0.0,0.0,0.04554189371171958,0.006718381459816597,0.056873335365970466,0.0,0.1374312194422726,0.0,3.009645090645488e-12,0.0,0.0,0.0,0.0,0.0,0.0,0.0,0.0,0.0,0.036759011673178965,0.18016804188265123,0.0,0.0,0.0,0.018620070704439554,"[4, 6, 19]"
123,0.0,0.0,0.013448389903623762,0.006202302627968004,0.09302985106062062,0.0,0.0278547966172438,5.512113649856852e-13,5.356829858030814e-13,3.254629015604469e-11,1.2152633752582253e-10,0.0,0.0,0.0,0.0,0.16483379852406504,0.0,0.0,0.07061069755342463,0.10889798407475822,0.021142988859457874,0.0,0.0,0.020504245744396753,"[4, 15, 18, 19]"
124,0.0,0.0,0.004172874981564339,0.027260933899482847,0.01684635961045943,0.0,0.0,6.219172848482609e-13,0.0,0.0,6.836905708525065e-10,0.0,6.4621984344431686e-12,0.003018685114035776,2.7454734865111877e-11,0.0,0.0,0.0,0.004726356705551901,0.18218110028508078,0.07885809368632954,0.0,0.0,0.028028451002237185,"[19, 20]"
125,0.0,0.0,0.04172541312774499,0.0,0.0,0.0,0.19036900794440276,5.732854082155864e-14,0.0,2.404252197587952e-12,0.0,0.0,0.0,0.0,9.185046771745224e-11,0.0,0.11374912837569141,0.026866119060811128,0.059301376643572164,0.11507503064667643,0.0,0.0,0.0,0.13464246661011042,"[6, 16, 18, 19, 23]"
126,0.0,0.0,0.04968042405438991,0.0,0.0,0.0,0.10190283773503683,2.9592133153592073e-13,0.0,1.32165518443716e-11,3.3331502290539806e-10,0.0,1.5785280911174755e-11,0.0,0.0,0.0,0.13389166187544366,0.03931474690271157,0.046816910953830275,0.05768325383384222,0.0,0.0,0.0,0.11226404243951338,"[2, 6, 16, 18, 19, 23]"
127,0.0,0.0,0.13889809199704378,0.0,0.0,0.0,0.016089151950883382,0.0,1.1952162778586842e-12,6.802384751205409e-12,0.0,2.467789244486791e-10,0.0,0.0,3.181128022358345e-11,0.014901010118663223,0.20808801714718303,0.0,0.0,0.0,0.0,0.0,0.0,0.0,"[2, 16]"
128,0.0,0.0,0.08492272539022319,0.0,0.0,0.0,0.11790694449839179,0.0,0.0,0.0,0.0,1.073769195323352e-11,1.5857115560971218e-11,0.1443947252146127,0.0,0.0,0.21129373270851834,0.0,0.0,0.0,0.07540321077797907,0.0,0.0,0.13952444358978455,"[2, 6, 13, 16, 20, 23]"
129,0.0,0.0,0.050763172015805214,0.0,0.0,0.0,0.1359354753923917,1.1190046090338554e-12,0.0,3.4173944695976706e-11,0.0,1.294328633403207e-10,0.0,0.0,0.0,0.0035582841499169444,0.1592269667933864,0.0,0.05163259834638484,0.04569144206048253,0.0,0.003146149328156106,0.0,0.2439535524372982,"[6, 16, 23]"
130,0.0,0.0,0.04739993375235028,0.0,0.0,0.0,0.22738133089561788,7.71455746703928e-13,0.0,6.156054853863685e-11,0.0,3.980590057047165e-11,0.0,0.08619988641349717,3.2974098058368815e-11,0.0,0.11706520734642539,0.0,0.0,0.0,0.17167342000423927,0.0,0.0,0.1687521509124364,"[6, 13, 16, 20, 23]"
131,0.0,0.0011392673522228926,0.011945142892016232,0.0,0.0,0.0,0.2268235039696577,1.1166271602667416e-12,0.0,0.0,4.741969506129492e-11,7.625497888177682e-11,0.0,0.0,0.0,0.0,0.01808405018082405,0.0,0.05643410344357094,0.06561046534464525,0.0,0.0,0.0,0.0070408787479539,[6]
132,0.0,0.0,0.15475044728505125,0.0,0.0,0.0,0.03676615077774182,7.379070701915782e-13,2.0066254102409113e-12,0.0,0.0,0.0,0.0,0.11508729868638959,2.892796046965314e-10,0.007231024141292425,0.2000069207170675,0.0021337763754431804,0.10559098941273261,0.0,0.09757313858668457,0.0,0.0,0.0007378121976409613,"[2, 13, 16, 18, 20]"
133,0.0,0.0,0.02893754553460439,0.0,0.0,0.0,0.1466974556009084,0.0,0.0,2.5818969667170068e-11,1.007935304370013e-10,0.0,0.0,0.0,6.284672969453208e-11,0.0,0.0,0.0,0.06737318202950004,0.12959349705600903,0.0,0.0,0.0,0.0991484074726724,"[6, 18, 19, 23]"
134,0.0,0.0,0.07922307069453793,0.0,0.0,0.0,0.060472612061812515,0.0,0.0,0.0,8.100994804729172e-10,0.0,0.0,0.0,0.0,0.0005117023113771877,0.194101876061672,0.01005078540687614,0.015739378502971343,0.03248219526934573,0.0,0.0,0.0,0.07024163711222299,"[2, 6, 16, 23]"
135,0.0,0.0,0.06677873118961977,0.0,0.0,0.0,0.06778518957488575,5.617920997164824e-13,2.193792910476003e-12,0.0,0.0,4.795144670038756e-11,4.03923400217855e-12,0.0,1.8368433170715283e-11,0.0,0.15596995958404633,0.06260437148328153,0.04733719316446607,0.18602440200083967,0.0,0.0,0.0,0.0735985247711947,"[2, 6, 16, 17, 19, 23]"
136,0.0,0.0,0.14774510484368136,0.0,0.0,0.0,0.05978306141360565,0.0,1.9231984049338674e-12,1.7316766313333708e-11,1.2632163343936586e-10,0.0,3.88173796681457e-11,0.10963039555506761,0.0,0.005714830267488865,0.22606084260490392,0.0,0.0,0.0,0.014046225489862074,0.0,0.0,0.027750314141755238,"[2, 13, 16]"
137,0.0,0.0,0.012383491574925081,0.0,0.11554843701353876,0.024952252939146716,0.0,7.015398345299523e-13,1.5582382423176962e-12,1.619102571789313e-11,0.0,0.0,2.8845375665550783e-11,0.0,0.0,0.0,0.0,0.0,0.0,0.0,0.0,0.15629794892018706,0.0,0.0,"[4, 21]"
138,0.04712450979433163,0.005880505792742171,0.0,0.0,0.09833483044864556,0.03613975890388884,0.0,1.2142961074799378e-12,1.6506758759897503e-12,0.0,0.0,3.098622462385869e-10,0.0,0.0,8.437547340888485e-11,0.0,0.0,0.0,0.02570163546986289,0.0,0.0,0.08939502784768927,0.002437140379402354,0.0,"[0, 4, 5, 21]"
139,0.0,0.0,0.03694262900777906,0.0,0.07912449532628071,0.02350687000058509,0.0,3.7948974702765535e-13,0.0,0.0,0.0,1.0454217884185984e-10,5.283216898633242e-12,0.0006846316710884205,6.3688151059632685e-12,0.0,0.0,0.0,0.0,0.0,0.0,0.1415806016466028,0.002513425536259038,0.0,"[4, 21]"
140,0.06657746918354701,0.03214411200828881,0.0,0.0,0.0,0.0,0.36096573763526946,0.0,0.0,2.843792025825428e-11,0.0,4.905429138566591e-11,0.0,0.0,0.0,0.031299525558641496,0.005647163046932614,0.0,0.024124533065356665,0.009796063080092112,0.0,0.2180138882424078,0.0,0.0,"[6, 21]"
141,0.07409493690704105,0.03379617907437429,0.0,0.0,0.0,0.0,0.3525690442331983,0.0,0.0,0.0,6.329404501455438e-11,8.484463478499452e-11,0.0,0.0,3.6657537419950395e-12,0.00582905547144844,0.0008753279264482256,0.0,0.002061525151339747,0.0,0.002654172474260652,0.24225173635603595,0.0,0.0,"[6, 21]"
142,0.08358233940318939,0.08437617265213379,0.0,0.0,0.0,0.0,0.36219868334949473,3.31465235062584e-13,0.0,3.9025199970424844e-11,0.0,0.0,2.6538094818585506e-11,0.0,5.91538810479044e-11,0.0,0.005063554283684313,0.0,0.002791191628012004,0.0,0.0,0.25671264548311495,0.01121398809346693,0.0,"[6, 21]"
143,0.0,0.0,0.002897270973634293,0.0,0.11509444833785662,0.0,0.0014580745859636077,1.7107383384412363e-12,0.0,0.0,8.64178846652263e-11,8.13780865009605e-11,7.327239396572341e-12,0.0,0.0,0.0,0.0,0.0,0.0,0.0,0.10627202183313315,0.0,0.0,0.022648732644532824,"[4, 20]"
144,0.0,0.0,0.08122806526410406,0.0,0.0,0.03615686602957745,0.0,1.0,2.4300905988750887e-13,5.4612005507376634e-14,5.2565109910659845e-12,6.636583562444305e-12,3.9735725231348075e-13,0.003757385606090516,2.036135152865244e-12,0.0,0.0545737305985516,0.0042535564750594045,0.0,0.0,0.0,0.11066868172302419,0.00046871767438154524,0.13910619424633353,[7]
145,0.0,0.0,0.0842165807831181,0.0,0.0,0.03452014452393042,0.0,0.0,6.607474479154743e-13,0.0,0.0,7.138570530790986e-11,1.9515713612515186e-11,0.0,7.627236361218009e-11,0.00024826072686138416,0.08934826132612647,0.0,0.0,0.0,0.0,0.22791032575172232,0.0,0.31405289820572885,"[21, 23]"
146,0.0,0.0,0.08122806526410406,0.0,0.0,0.03615686602957747,0.0,0.0,0.0,0.0,1.3034571719965932e-10,1.0076234531032554e-10,5.575166925800895e-12,0.0,2.704279166931575e-11,0.0014494904520361872,0.09008659470392835,0.017962369549131194,0.0,0.0,0.0,0.22682197215453656,0.0,0.3001418766430559,"[16, 21, 23]"
147,0.0,0.0,0.1253504558500099,0.0,0.0,0.0,0.029552271132210997,7.236015719964772e-13,4.0046105684788916e-13,2.708314146219596e-12,6.618346765944153e-10,0.0,0.0,0.1485326708818605,0.0,0.00776342435468559,0.1898496108868612,0.0,0.0,0.0,0.046662260108894286,0.10859975828262512,0.0,0.2745740967770654,"[2, 13, 16, 21, 23]"
148,0.0,0.0,0.15648193802905827,0.012692661333879989,0.0,0.03964484843548335,0.0,2.7750037966184846e-13,5.120145479690825e-13,1.1402291953501244e-11,0.0,8.078009199058422e-11,2.109088895452327e-11,0.0,2.0970547402661434e-13,0.001084529883534243,0.14807699805327934,0.0,0.0,0.013777570468136437,0.03991484032102993,0.12036536623152885,0.0,0.04926306714431776,"[2, 16, 21, 23]"
149,0.0,0.0,0.1641028749739502,0.011874413077462948,0.0,0.03401749150673048,0.0,8.379999268210534e-13,0.0,1.1177310262933006e-11,0.0,0.0,0.0,0.0,0.0,0.0023417677907561696,0.2137957074871817,0.009388361528111023,0.0,0.0,0.0,0.07003733402394226,0.0,0.06821220319353467,"[2, 16, 21, 23]"
150,0.0,0.0,0.015511064215199407,0.009454836047859086,0.0,0.0034585795022788546,0.0,2.697558807420602e-13,1.6081395133482355e-12,8.017661582617807e-11,1.0125963615266642e-10,0.0,1.8538240791613383e-12,0.0021275005139053792,0.0,0.0,0.033441336164698535,0.0,0.0,0.012241492923232518,0.012646204032704013,0.0,0.00012507318357766385,0.0,"[2, 16, 19, 20]"
151,0.0,0.0,0.14026503016194725,0.020621037886588575,0.0,0.024972821444984177,0.0,0.0,0.0,0.0,0.0,1.0372952015065361e-10,0.0,0.0,0.0,0.00841226088548544,0.18142753493365402,0.0,0.0,0.0,0.042602978167323974,0.0,0.0,0.0,"[2, 16]"
152,0.0,0.0,0.08611940612472864,0.0,0.0,0.020412246445154304,0.0,0.0,1.6970473660574912e-12,0.0,0.0,1.5802964464908146e-10,7.926812745438635e-13,0.004803659092785099,0.0,0.01367560585899406,0.031391306434749126,0.030541947305827183,0.1695396025645494,0.0,0.0,0.015472366407897573,0.0011277303367886338,0.0,"[2, 18]"
153,0.06584522814220287,0.002208565096567099,0.0,0.017074794724556468,0.05241809047145735,0.024332601595497206,0.0,0.0,2.2686209633277915e-12,0.0,0.0,2.8911513922202256e-10,0.0,0.0,6.365482584719495e-11,0.022406624047152178,0.0,0.056134007249412456,0.03525393428934739,0.08001309156064557,0.0,0.0,0.0,0.0,"[0, 4, 5, 17, 18, 19]"
154,0.0,0.0,0.06638790191019875,0.00880601993279806,0.050194477428854446,0.0,0.025235909205168144,4.4081607420112e-13,0.0,2.314815457517085e-11,4.332509597427835e-11,0.0,4.96468173548598e-12,0.02424318874298621,5.668827654217183e-11,0.035847449878720516,0.0,0.0,0.18264189972192993,0.0,0.0,0.0,0.0,0.0,"[2, 18]"
155,0.13405490903640407,0.0018442859759750915,0.0,0.016906159544739174,0.04066282050378716,0.023715375452819473,0.0,2.1712239102741598e-13,0.0,2.838742965243953e-11,6.596006084362137e-10,0.0,6.907779989125713e-12,0.0,4.694537199458877e-12,0.0,0.005298626530186751,0.0,0.0,0.018940068603035706,0.000595634652621978,0.0,0.0009978770792526733,0.0,"[0, 4]"
156,0.0,0.0,0.03354055117600363,0.0,0.01354576351608469,0.0,0.0344159789907375,0.0,0.0,0.0,1.3421451480500694e-11,8.611396152859683e-11,1.251197065625662e-11,0.018944963240179084,0.0,0.0,0.0,0.0,0.024942900588893122,0.0591705548350832,0.0,0.027365176571145955,0.0,0.1199510170102414,"[19, 23]"
157,0.0,0.0,0.06495960240752166,0.016366616640086748,0.0,0.02851885188754242,0.0,4.731309826093564e-13,0.0,1.8275335092198413e-11,1.0824639368153596e-10,2.8775933643482893e-11,0.0,0.0,5.537459980806126e-11,0.0,0.0,0.0,0.0,0.14460118540735173,0.10260423010545965,0.0881550206003781,0.0,0.0,"[2, 19, 20, 21]"
158,0.0,0.0,0.0760282626967648,0.01694647114147977,0.0,0.0017226588561586786,0.0,2.3008011678075265e-13,0.0,9.925993209079527e-12,0.0,4.080717149906961e-11,0.0,0.018606476892040952,0.0,0.02386905003086697,0.0,0.0,0.0,0.3392907656456276,0.05806654080151688,0.028982012278623105,0.0,0.0,[19]
159,0.0,0.0,0.08304516284948514,0.018708972990421947,0.0,0.031651573843749066,0.0,3.4655008930895315e-13,4.662740682711128e-13,0.0,2.732923473275928e-10,1.770314164288804e-10,0.0,0.0,0.0,0.0,0.0,0.0,0.0,0.12864589849161123,0.06003316528281476,0.09682824618332093,0.0,0.0,"[2, 19, 20, 21]"
160,0.11713779459261704,0.0034378320785524974,0.0,0.01205446757971304,0.028975402072903767,0.0,0.0,6.262530640575643e-13,0.0,0.0,0.0,4.748391988479585e-10,0.0,0.002814315178586002,0.0,0.0003436635355830301,0.007379712651580493,0.0,0.0,0.0,0.01423074877352237,0.0,0.0009676818473279773,0.030334338356562802,[0]
161,0.0,0.0,0.0056202949150412265,0.6824014870883643,0.014946228471463319,0.009524967533663775,0.023809154133645153,2.2613062032895514e-14,0.0,0.0,0.0,0.0,0.0,0.019386735834904422,0.0,0.0,0.0,0.009018915383114365,0.0,0.0,0.0,0.06580641473688151,0.9691688006479432,0.013342492378100574,"[3, 22]"
162,0.0,0.0,0.011167728740205444,0.6977005998025179,0.03663211282905973,0.008268496847287417,0.027960301159134178,0.0,5.165085209333559e-13,0.0,0.0,0.0,0.0,0.013791946163603451,0.0,0.026355850983071007,0.0,0.0095911312383971,0.0,0.0,0.008634526488435488,0.055901218233357926,0.0,0.01811693121156658,[3]
163,0.0,0.0,0.1502037247417572,0.013551598591889053,0.0,0.027266944381610137,0.0,3.919140329434271e-13,0.0,1.5578290601725025e-11,1.2804241139801442e-10,1.0495499795710955e-10,9.214927172520093e-12,0.0,0.0,0.002593471956997812,0.1432839474154184,0.024152227234813826,0.04846822854944355,0.0,0.0,0.0,0.0012530211483706098,0.0,"[2, 16, 18]"
164,0.0,0.0,0.15112812897956135,0.011065417719454471,0.0,0.024986617529725277,0.0,1.2778296504018745e-13,0.0,2.3317539900310026e-11,2.477713999657215e-10,0.0,0.0,0.0,5.228887354742212e-10,0.008901843925632176,0.1509720369567703,0.029912859422228454,0.055098650936804196,0.0,0.0,0.0,0.001776182231708361,0.0,"[2, 16, 18]"
165,0.0,0.0,0.15015188134264973,0.0,0.0,0.0,0.0024469147615871455,0.0,2.0157890261262566e-12,4.5069091978013844e-13,0.0,0.0,1.0,0.0,7.976069690633231e-13,0.0,0.13183035276718175,0.0,0.0,0.0,0.07919384582102967,0.0,0.0,0.0,[12]
166,0.0,0.0,0.15015188134264978,0.0,0.0,0.0,0.0024469147615871663,0.0,2.016445494714197e-12,4.573233340365665e-13,0.0,0.0,0.0,0.11104564650252643,4.2458283261247e-11,0.008042253488806422,0.20667955193871054,0.0,0.0,0.0,0.17803716208316298,0.0,0.0,0.0,"[2, 13, 16, 20]"
167,0.0,0.0,0.15664960459399774,0.012141055956897169,0.0,0.020103255287422742,0.0,2.284823823982245e-12,8.699811370589037e-13,0.0,0.0,2.8374103066127587e-10,3.320756708774043e-11,0.0,0.0,0.0,0.20387943410109988,0.020442950068105287,0.0,0.0,0.0,0.0,0.0,0.0,"[2, 16]"
168,0.0,0.0,0.14592288070462467,0.0159192858724802,0.0,0.021656323127306157,0.0,0.0,0.0,8.965625109428331e-12,0.0,2.58573583211234e-10,4.314045432707648e-11,0.0,0.0,0.00183362137283613,0.19178537101025858,0.008982914682959394,0.0,0.001656623961444596,0.0,0.0,0.0,0.0,"[2, 16]"
169,0.0,0.0,0.14519409761816662,0.011459819957531767,0.0,0.019039507684237376,0.0,0.0,3.866583279443384e-13,0.0,1.8518347358579164e-11,0.0,0.0,0.0,1.7274995268414208e-10,0.0,0.19572467502283755,0.0,0.0,0.0,0.057397631825472736,0.0,0.0,0.0,"[2, 16]"
170,0.0,0.0,0.1435838896938659,0.014678040209419475,0.0,0.02423595474258227,0.0,9.249292680408822e-13,0.0,2.0675237771410823e-11,1.9526901391183633e-10,0.0,0.0,0.0,2.6068990887143028e-11,0.0,0.17808383671695208,0.0,0.0,0.0,0.01343596564409678,0.0,0.0,0.0,"[2, 16]"
171,0.0,0.0,0.14015237584241685,0.015480902138331124,0.0,0.02325707905794402,0.0,7.471404387679369e-13,0.0,2.5697186036575342e-11,1.1327823735321273e-10,2.2629263951444803e-10,0.0,0.0,1.4532535378116104e-10,0.0,0.1749697814143052,0.0,0.0,0.0,0.012727542602003093,0.0,0.0,0.0,"[2, 16]"
172,0.0,0.0,0.14139822185290019,0.016468846986501844,0.0,0.024931090122117555,0.0,5.834173235457134e-13,0.0,2.7468834461755184e-11,0.0,0.0,5.331282865034325e-11,0.0,0.0,0.0,0.1719928216982819,0.0,0.0,0.0,0.01815836372579068,0.0,0.0,0.0,"[2, 16]"
173,0.0,0.0,0.13820069722442793,0.022139151276993698,0.0,0.0209464782077037,0.0,0.0,0.0,8.214954090018365e-12,5.182850246244137e-10,0.0,3.624385720418579e-11,0.0,0.0,0.0,0.1405716909370641,0.0,0.0,0.0,0.053880105512018245,0.0,0.0,0.0,"[2, 16, 20]"
174,0.0,0.0,0.07916822735634445,0.0,0.0,0.0,0.13142305693187023,0.0,0.0,0.0,9.24764414948238e-12,0.0,2.0681642872349476e-12,0.0,3.100320760697453e-11,0.0,0.17055080297856484,0.017490266965103897,0.0,0.0,0.5880513908901934,0.0,0.0,0.10542361684263173,[20]
175,0.0,0.0,0.0730919525221283,0.0,0.0,0.0,0.0758393186159291,4.945770500296617e-13,0.0,0.0,1.3510523402872153e-10,7.793186308321364e-11,2.1296340266968487e-12,0.16991013863069257,0.0,0.0,0.06859846120919873,0.0,0.093151929723028,0.0,0.40097012657412384,0.020443107661200853,0.0,0.06328424981166636,"[13, 20]"
176,0.0,0.0,0.08661605537485026,0.014302848588854796,0.0,0.012135277120890903,0.0,1.1429098885884378e-13,0.0,2.221291543182747e-11,0.0,6.828975190843015e-11,0.0,0.0,6.864319603723778e-11,0.0,0.05601726549205147,0.06132681313696349,0.17975927536836556,0.0,0.0,0.0,0.0028745892858904032,0.0,"[2, 16, 17, 18]"
177,0.0,0.0,0.08661605537484786,0.014302848588855603,0.0,0.012135277120892822,0.0,4.1948978770943604e-14,0.0,2.2210935640755842e-11,1.0,2.0060666476745173e-12,0.0,0.00546139277892479,2.6016186715138477e-12,0.001699056340403538,0.034269691085679316,0.012349064654065937,0.056199878381107404,0.0,0.0,0.0,0.0,0.0,[10]
178,0.0,0.0,0.10596469676067324,0.012503078638189355,0.0,0.014189870634943922,0.0,0.0,3.0743887107244357e-13,1.6925667775956658e-11,5.421237553366589e-10,0.0,2.9411997371809386e-13,0.0,0.0,0.00634429042292605,0.11476047415774482,0.0741738435363311,0.14230254704221987,0.013856005122009551,0.0,0.0,0.0029754038182798867,0.0,"[2, 16, 17, 18]"
179,0.08748591068208299,0.0797978006861522,0.0,0.0,0.0,0.39828877846068733,0.06521277858227374,3.926734988299983e-13,4.598776989643233e-13,2.0380819361383238e-11,2.712220309620321e-10,0.0,8.511162376512976e-12,0.002222705386281306,9.092319564398785e-11,0.0,0.0,0.11906847425444325,0.00822901876308361,0.0,0.046346089329343115,0.0,0.017917207876626505,0.03394864063974036,[5]
180,0.09843724910804248,0.07504395323147721,0.0,0.0,0.0,0.42292972534843,0.03264628747143242,1.4749612960030314e-13,0.0,1.454212771218154e-11,1.0365256823409286e-11,0.0,0.0,0.0,0.0,0.008163629873194907,0.0,0.0983298356655279,0.011938638166054736,0.0,0.0470308255024173,0.0,0.020741159461841435,0.02329744508624535,[5]
181,0.11619493085880447,0.2137661421087894,0.0,0.0,0.0,0.5408170317412304,0.0318905001549458,0.0,0.0,0.0,3.8213585718918094e-11,0.0,0.0,0.0010860723316191202,0.0,0.0,0.0,0.05032172989610057,0.0013575280044198178,0.0,0.0638063010323065,0.0,0.0,0.06591090282654978,"[1, 5]"
182,0.032183757792258176,0.004335085058852559,0.0,0.0,0.0,0.0,0.17096127042139514,0.0,0.0,1.0,0.0,0.0,1.002108637996309e-12,0.00845347225121162,3.4036071798449708e-12,0.0016848528924708593,0.037861144194188505,0.0,0.008215341035371932,0.0,0.0,0.0,0.0009037938182585376,0.09053342695933977,[9]
183,0.032183757792258155,0.004335085058852867,0.0,0.0,0.0,0.0,0.17096127042139478,0.0,0.0,0.0,0.0,0.0,1.0075473979474951e-11,0.0,3.342271517942493e-11,0.0,0.06157805646892963,0.0,0.028668663559967108,0.0,0.0,0.0,0.0,0.18785981046696107,"[6, 16, 23]"
184,0.05896922112148577,0.0,0.0,0.02226122672223188,0.030500262621375594,0.00907949507104116,0.0,4.0429616199302044e-13,1.0,3.670911208435284e-13,0.0,0.0,3.8598691395627625e-14,0.0,8.167974241408357e-12,0.0010861970751615663,0.0,0.030221133900575646,0.0,0.02342510091936076,0.0,0.0,0.00023742085597252717,0.0,[8]
185,0.058969221121485796,0.0,0.0,0.02226122672223192,0.030500262621375545,0.009079495071041128,0.0,6.171418209315209e-13,0.0,0.0,0.0,0.0,4.5086047962658685e-13,0.0066805788737114655,9.119095038013915e-11,0.0,0.0,0.12857196991669465,0.0,0.06013462218379708,0.0,0.0,0.0095648827407743,0.0,"[0, 17, 19]"
186,0.0,0.0,0.03469209350677232,0.013358794354102586,0.0,0.0,0.029936996684867403,1.0597104181455287e-12,0.0,2.826133953244137e-11,7.243243339283478e-10,2.3012171533832105e-10,1.0854094390544182e-11,0.0030276224276429516,2.5882041940690942e-12,0.02242487569623967,0.0,0.0037605582849247147,0.0,0.3668917547692123,0.02319072897131686,0.0,0.0,0.0,[19]
187,0.0,0.0,0.025685847250053344,0.01786651676695175,0.0,0.0,0.032481562681753416,0.0,0.0,0.0,4.379397333394977e-11,1.527319533279505e-10,1.3240871550268113e-11,0.0,0.0,0.0,0.0,0.04417372165056986,0.0,0.34095997653808285,0.04223688482195081,0.0,0.0007095289537309611,0.0,[19]
188,0.0,0.0,0.0,0.02502657057300641,0.009450210200623373,0.0,0.015012345223449334,3.32487470374074e-13,1.6665883683820544e-12,1.749420537348029e-11,0.0,0.0,0.0,0.010825861234208704,0.0,0.0,0.0,0.055752059236166183,0.0,0.32518837566662206,0.04082112076008159,0.0,0.0,0.0,[19]
189,0.07536035544454517,0.07959793031333265,0.0,0.0,0.0,0.35835736550819564,0.02353213200789382,0.0,0.0,5.654966859607262e-11,0.0,1.7682184815138684e-10,0.0,0.0,0.0,0.0,0.0,0.0,0.012484452751579117,0.0,0.03684967108121074,0.0,0.019499160361822584,0.03103963443682969,[5]
190,0.0,0.0,0.00288069274737007,0.0,0.04678229675638569,0.010100137785431031,0.0,0.0,0.0,0.0,2.479350818231425e-10,1.7444445352907578e-11,0.0,0.0,0.0,0.0,0.0,0.06721266650335458,0.03953156925749,0.04400848729942828,0.0,0.05584580281714242,0.0,0.0,"[4, 17, 18, 19, 21]"
191,0.0,0.0,0.06124768087095977,0.0,0.0,0.0,0.005399141852841765,1.3841277850484954e-12,6.588566258553528e-13,0.0,0.0,0.0,2.772212360237675e-12,0.028035271261127155,0.0,0.00706669110058793,0.07204531314538247,0.0,0.07491246550820183,0.09684048399998352,0.0,0.0,0.0,0.013397134290563462,"[2, 16, 18, 19]"
192,0.0,0.0,0.038621520646459635,0.0,0.042094568492828756,0.0,0.019488777952018484,2.2108731932100758e-13,1.1131832613802442e-12,7.51972012084038e-12,1.2289898611191545e-10,2.3893354145795497e-10,0.0,0.0,1.0145289805536328e-11,0.0012813845815598515,0.0,0.0,0.22418538320943512,0.0,0.22214902801854144,0.0,0.0,0.0,"[18, 20]"
193,0.0,0.0,0.031786402357178514,0.021415141407014636,0.08800151838379384,0.0,0.062355548068643504,1.324586918165448e-12,0.0,2.996782959257032e-11,0.0,0.0,0.0,0.0,0.0,0.0200523740477641,0.0,0.0,0.03096540617277993,0.0,0.0031657523469381145,0.0,0.0,0.0,"[2, 4, 6, 18]"
194,0.0,0.0,0.031228019764684353,0.0,0.0,0.0,0.08447921038401593,1.2158026314070166e-14,0.0,0.0,0.0,0.0,4.3750032915442025e-12,0.920222267900926,1.2821021747643812e-11,0.0,0.009337563736974029,0.03705172333924749,0.0,0.0,0.14449337968509637,0.0,0.0,0.0,[13]
195,0.048320674690538364,0.004703222613487464,0.0,0.003764705613563223,0.008682958918589818,0.028459524495593993,0.0,0.0,2.5458943320696757e-13,2.468581082608359e-11,0.0,0.0,1.7674391412661431e-12,0.0,1.0739488229977083e-10,0.0,0.002040189772727338,0.0,0.0,0.0001183908103062498,0.014769948596916861,0.0,0.0033037256294979208,0.0,"[0, 5, 20]"
196,0.023718679781027898,0.0008815265251968271,0.0,0.0,0.011318543111844133,0.0,0.011348901945692996,2.328315681684889e-12,0.0,4.564962058790396e-11,3.619336351422122e-11,1.686600989765417e-10,0.0,0.0,0.0,0.013755347390782486,0.0,0.0,0.025756183267699035,0.0,0.014111884220016854,0.01161373395909291,0.0010040765488255362,0.008999658922502233,"[0, 4, 6, 15, 18, 20, 21, 23]"
197,0.0,0.0,0.002727838181398787,0.0,0.049593702915164926,0.0,0.006105555078685931,0.0,0.0,0.0,0.0,8.244822286701673e-11,9.695553640694213e-12,0.0,2.6815638542840876e-11,0.8622146042175859,0.06043541627564326,0.275757869161982,0.01134210046234728,0.0,0.0,0.0,0.017402178524334733,0.0,"[15, 17]"
